Station,Datetime,Departures,Arrivals,Net_Flow,Risk_Type,Estimated_Bikes_To_Move,Rebalancing_Direction,Priority_Score,Priority_Level
King St W / Bay St (West Side),2024-05-23 09:00:00,0,11,11,Overflow Risk,11,Remove bikes from station,27.333973147668004,High
King St W / Bay St (West Side),2024-05-30 09:00:00,0,11,11,Overflow Risk,11,Remove bikes from station,27.333973147668004,High
King St W / Bay St (West Side),2024-04-16 09:00:00,0,11,11,Overflow Risk,11,Remove bikes from station,27.333973147668004,High
King St W / Bay St (West Side),2024-06-12 08:00:00,0,11,11,Overflow Risk,11,Remove bikes from station,27.333973147668004,High
King St W / Bay St (West Side),2024-05-29 08:00:00,0,9,9,Overflow Risk,9,Remove bikes from station,20.723265836946414,High
King St W / Bay St (West Side),2024-05-06 08:00:00,0,8,8,Overflow Risk,8,Remove bikes from station,17.577796618689757,High
King St W / Bay St (West Side),2024-03-05 08:00:00,0,8,8,Overflow Risk,8,Remove bikes from station,17.577796618689757,High
King St W / Bay St (West Side),2024-05-28 08:00:00,0,7,7,Overflow Risk,7,Remove bikes from station,14.55609079175885,High
King St W / Bay St (West Side),2024-03-12 09:00:00,0,7,7,Overflow Risk,7,Remove bikes from station,14.55609079175885,High
King St W / Bay St (West Side),2024-05-16 08:00:00,0,7,7,Overflow Risk,7,Remove bikes from station,14.55609079175885,High
King St W / Bay St (West Side),2024-04-09 08:00:00,0,7,7,Overflow Risk,7,Remove bikes from station,14.55609079175885,High
King St W / Bay St (West Side),2024-04-23 09:00:00,0,7,7,Overflow Risk,7,Remove bikes from station,14.55609079175885,High
King St W / Bay St (West Side),2024-05-08 08:00:00,0,7,7,Overflow Risk,7,Remove bikes from station,14.55609079175885,High
King St W / Bay St (West Side),2024-05-21 08:00:00,0,7,7,Overflow Risk,7,Remove bikes from station,14.55609079175885,High
King St W / Bay St (West Side),2024-05-29 09:00:00,0,7,7,Overflow Risk,7,Remove bikes from station,14.55609079175885,High
Centre Island Ferry Dock,2025-06-29 19:00:00,1,7,6,Overflow Risk,6,Remove bikes from station,13.183347464017316,High
Centre Island Ferry Dock,2025-05-19 16:00:00,3,8,5,Overflow Risk,5,Remove bikes from station,12.424533248940001,High
King St W / Bay St (West Side),2024-02-08 09:00:00,0,6,6,Overflow Risk,6,Remove bikes from station,11.675460894331879,High
King St W / Bay St (West Side),2024-05-22 08:00:00,0,6,6,Overflow Risk,6,Remove bikes from station,11.675460894331879,High
King St W / Bay St (West Side),2024-05-23 08:00:00,0,6,6,Overflow Risk,6,Remove bikes from station,11.675460894331879,High
King St W / Bay St (West Side),2024-05-22 09:00:00,0,6,6,Overflow Risk,6,Remove bikes from station,11.675460894331879,High
King St W / Bay St (West Side),2024-05-27 08:00:00,0,6,6,Overflow Risk,6,Remove bikes from station,11.675460894331879,High
King St W / Bay St (West Side),2024-05-09 09:00:00,0,6,6,Overflow Risk,6,Remove bikes from station,11.675460894331879,High
King St W / Bay St (West Side),2024-04-30 09:00:00,0,6,6,Overflow Risk,6,Remove bikes from station,11.675460894331879,High
King St W / Bay St (West Side),2024-03-27 09:00:00,0,6,6,Overflow Risk,6,Remove bikes from station,11.675460894331879,High
Temperance St Station,2024-05-29 08:00:00,0,6,6,Overflow Risk,6,Remove bikes from station,11.675460894331879,High
King St W / Bay St (West Side),2024-03-14 08:00:00,0,6,6,Overflow Risk,6,Remove bikes from station,11.675460894331879,High
King St W / Bay St (West Side),2024-02-06 09:00:00,0,6,6,Overflow Risk,6,Remove bikes from station,11.675460894331879,High
Temperance St Station,2024-06-06 08:00:00,0,6,6,Overflow Risk,6,Remove bikes from station,11.675460894331879,High
Strachan Ave / East Liberty St - SMART,2024-05-21 18:00:00,6,0,-6,Shortage Risk,6,Deliver bikes to station,11.675460894331879,High
King St W / Bay St (West Side),2024-02-28 09:00:00,0,6,6,Overflow Risk,6,Remove bikes from station,11.675460894331879,High
King St W / Bay St (West Side),2024-06-06 08:00:00,0,6,6,Overflow Risk,6,Remove bikes from station,11.675460894331879,High
Lake Shore Blvd W / Ontario Dr,2022-05-23 18:00:00,0,6,6,Overflow Risk,6,Remove bikes from station,11.675460894331879,High
York St / Queens Quay W,2024-05-31 20:00:00,6,0,-6,Shortage Risk,6,Deliver bikes to station,11.675460894331879,High
Northern Dancer Blvd / Lake Shore Blvd E,2024-05-20 21:00:00,0,6,6,Overflow Risk,6,Remove bikes from station,11.675460894331879,High
Ontario Place Blvd / Lake Shore Blvd W (East),2022-08-31 22:00:00,6,0,-6,Shortage Risk,6,Deliver bikes to station,11.675460894331879,High
King St W / Bay St (West Side),2024-04-09 09:00:00,0,6,6,Overflow Risk,6,Remove bikes from station,11.675460894331879,High
King St W / Bay St (West Side),2025-12-09 08:00:00,0,6,6,Overflow Risk,6,Remove bikes from station,11.675460894331879,High
King St W / Bay St (West Side),2024-05-28 09:00:00,0,6,6,Overflow Risk,6,Remove bikes from station,11.675460894331879,High
Centre Island,2025-08-30 19:00:00,2,7,5,Overflow Risk,5,Remove bikes from station,11.51292546497023,High
Centre Island Ferry Dock,2025-06-29 18:00:00,6,1,-5,Shortage Risk,5,Deliver bikes to station,10.39720770839918,High
Centre Island Ferry Dock,2025-06-15 13:00:00,6,1,-5,Shortage Risk,5,Deliver bikes to station,10.39720770839918,High
Centre Island Ferry Dock,2025-05-19 15:00:00,6,1,-5,Shortage Risk,5,Deliver bikes to station,10.39720770839918,High
Centre Island Ferry Dock,2025-07-21 13:00:00,6,1,-5,Shortage Risk,5,Deliver bikes to station,10.39720770839918,High
King St W / Bay St (West Side),2024-06-12 17:00:00,6,1,-5,Shortage Risk,5,Deliver bikes to station,10.39720770839918,High
King St W / Bay St (West Side),2024-01-08 09:00:00,1,6,5,Overflow Risk,5,Remove bikes from station,10.39720770839918,High
King St W / Bay St (West Side),2024-02-26 08:00:00,1,6,5,Overflow Risk,5,Remove bikes from station,10.39720770839918,High
Ontario Place Blvd / Lake Shore Blvd W,2025-08-28 22:00:00,7,3,-4,Shortage Risk,4,Deliver bikes to station,9.591581091193483,High
Centre Island Ferry Dock,2025-07-15 16:00:00,7,3,-4,Shortage Risk,4,Deliver bikes to station,9.591581091193483,High
Centre Island Ferry Dock,2025-08-23 13:00:00,3,7,4,Overflow Risk,4,Remove bikes from station,9.591581091193483,High
Centre Island Ferry Dock,2025-05-17 17:00:00,0,5,5,Overflow Risk,5,Remove bikes from station,8.958797346140274,High
Dundas St W / Crawford St,2024-06-08 14:00:00,0,5,5,Overflow Risk,5,Remove bikes from station,8.958797346140274,High
Wellington St W / Bay St,2024-04-10 08:00:00,0,5,5,Overflow Risk,5,Remove bikes from station,8.958797346140274,High
Centre Island Ferry Dock,2025-08-27 19:00:00,0,5,5,Overflow Risk,5,Remove bikes from station,8.958797346140274,High
University Ave / Gerrard St W (East Side),2024-05-28 08:00:00,0,5,5,Overflow Risk,5,Remove bikes from station,8.958797346140274,High
Dundas St W / Crawford St,2024-06-07 17:00:00,0,5,5,Overflow Risk,5,Remove bikes from station,8.958797346140274,High
University Ave / Gerrard St W (East Side),2024-02-27 08:00:00,0,5,5,Overflow Risk,5,Remove bikes from station,8.958797346140274,High
HTO Park (Queens Quay W),2024-06-13 18:00:00,0,5,5,Overflow Risk,5,Remove bikes from station,8.958797346140274,High
King St W / Bay St (West Side),2024-02-01 09:00:00,0,5,5,Overflow Risk,5,Remove bikes from station,8.958797346140274,High
Centre Island,2025-08-02 19:00:00,0,5,5,Overflow Risk,5,Remove bikes from station,8.958797346140274,High
King St W / Bay St (West Side),2024-02-06 08:00:00,0,5,5,Overflow Risk,5,Remove bikes from station,8.958797346140274,High
Temperance St Station,2024-06-13 17:00:00,5,0,-5,Shortage Risk,5,Deliver bikes to station,8.958797346140274,High
King St W / Bay St (West Side),2024-02-28 08:00:00,0,5,5,Overflow Risk,5,Remove bikes from station,8.958797346140274,High
King St W / Bay St (West Side),2024-06-11 10:00:00,0,5,5,Overflow Risk,5,Remove bikes from station,8.958797346140274,High
King St W / Bay St (West Side),2024-06-11 17:00:00,5,0,-5,Shortage Risk,5,Deliver bikes to station,8.958797346140274,High
King St W / Bay St (West Side),2024-05-07 09:00:00,0,5,5,Overflow Risk,5,Remove bikes from station,8.958797346140274,High
King St W / Bay St (West Side),2024-05-15 08:00:00,0,5,5,Overflow Risk,5,Remove bikes from station,8.958797346140274,High
King St W / Bay St (West Side),2024-05-02 08:00:00,0,5,5,Overflow Risk,5,Remove bikes from station,8.958797346140274,High
King St W / Bay St (West Side),2024-05-22 16:00:00,5,0,-5,Shortage Risk,5,Deliver bikes to station,8.958797346140274,High
King St W / Bay St (West Side),2024-04-23 08:00:00,0,5,5,Overflow Risk,5,Remove bikes from station,8.958797346140274,High
King St W / Bay St (West Side),2024-02-07 09:00:00,0,5,5,Overflow Risk,5,Remove bikes from station,8.958797346140274,High
King St W / Bay St (West Side),2024-03-05 09:00:00,0,5,5,Overflow Risk,5,Remove bikes from station,8.958797346140274,High
King St W / Bay St (West Side),2024-01-10 09:00:00,0,5,5,Overflow Risk,5,Remove bikes from station,8.958797346140274,High
King St W / Bay St (West Side),2024-03-04 08:00:00,0,5,5,Overflow Risk,5,Remove bikes from station,8.958797346140274,High
Portland St / Queen St W,2024-04-05 15:00:00,0,5,5,Overflow Risk,5,Remove bikes from station,8.958797346140274,High
King St W / Bay St (West Side),2024-05-21 09:00:00,0,5,5,Overflow Risk,5,Remove bikes from station,8.958797346140274,High
King St W / Bay St (West Side),2024-05-16 17:00:00,5,0,-5,Shortage Risk,5,Deliver bikes to station,8.958797346140274,High
Queens Quay / Yonge St,2022-07-23 14:00:00,0,5,5,Overflow Risk,5,Remove bikes from station,8.958797346140274,High
King St W / Bay St (West Side),2024-06-03 17:00:00,5,0,-5,Shortage Risk,5,Deliver bikes to station,8.958797346140274,High
King St W / Bay St (West Side),2024-06-10 08:00:00,0,5,5,Overflow Risk,5,Remove bikes from station,8.958797346140274,High
King St W / Bay St (West Side),2024-06-06 09:00:00,0,5,5,Overflow Risk,5,Remove bikes from station,8.958797346140274,High
Bay St / Queens Quay W (Ferry Terminal),2024-05-19 16:00:00,0,5,5,Overflow Risk,5,Remove bikes from station,8.958797346140274,High
Bay St / Queens Quay W (Ferry Terminal),2024-03-13 17:00:00,5,0,-5,Shortage Risk,5,Deliver bikes to station,8.958797346140274,High
Toronto Eaton Centre (Yonge St) - SMART,2024-06-05 16:00:00,5,0,-5,Shortage Risk,5,Deliver bikes to station,8.958797346140274,High
Adelaide St W / Bay St - SMART,2022-06-21 08:00:00,0,5,5,Overflow Risk,5,Remove bikes from station,8.958797346140274,High
Bathurst St / Front St W,2024-05-23 18:00:00,5,0,-5,Shortage Risk,5,Deliver bikes to station,8.958797346140274,High
King St W / Bay St (West Side),2024-06-13 09:00:00,0,5,5,Overflow Risk,5,Remove bikes from station,8.958797346140274,High
York St / Queens Quay W,2022-07-22 11:00:00,0,5,5,Overflow Risk,5,Remove bikes from station,8.958797346140274,High
Mutual St / Shuter St,2024-05-31 18:00:00,0,5,5,Overflow Risk,5,Remove bikes from station,8.958797346140274,High
Niagara St / Richmond St W,2024-05-31 18:00:00,0,5,5,Overflow Risk,5,Remove bikes from station,8.958797346140274,High
King St W / Bay St (West Side),2025-12-03 08:00:00,0,5,5,Overflow Risk,5,Remove bikes from station,8.958797346140274,High
Centre Island Ferry Dock,2025-08-29 12:00:00,5,0,-5,Shortage Risk,5,Deliver bikes to station,8.958797346140274,High
Centre Island Ferry Dock,2025-07-19 12:00:00,0,5,5,Overflow Risk,5,Remove bikes from station,8.958797346140274,High
Centre Island Ferry Dock,2025-07-06 12:00:00,5,0,-5,Shortage Risk,5,Deliver bikes to station,8.958797346140274,High
Centre Island Ferry Dock,2025-07-06 13:00:00,0,5,5,Overflow Risk,5,Remove bikes from station,8.958797346140274,High
Bay St / Queens Quay W (Ferry Terminal),2024-05-20 17:00:00,6,2,-4,Shortage Risk,4,Deliver bikes to station,8.788898309344878,High
Ontario Place Blvd / Lake Shore Blvd W,2025-08-28 23:00:00,2,6,4,Overflow Risk,4,Remove bikes from station,8.788898309344878,High
Centre Island Ferry Dock,2025-07-13 17:00:00,2,6,4,Overflow Risk,4,Remove bikes from station,8.788898309344878,High
King St W / Bay St (West Side),2025-06-12 17:00:00,8,5,-3,Shortage Risk,3,Deliver bikes to station,7.9171719888457766,High
Bay St / Wellesley St W,2024-06-06 17:00:00,1,5,4,Overflow Risk,4,Remove bikes from station,7.783640596221253,High
Centre Island Ferry Dock,2025-07-19 11:00:00,5,1,-4,Shortage Risk,4,Deliver bikes to station,7.783640596221253,High
Centre Island Ferry Dock,2025-08-14 13:00:00,5,1,-4,Shortage Risk,4,Deliver bikes to station,7.783640596221253,High
King St W / Bay St (West Side),2024-06-04 08:00:00,1,5,4,Overflow Risk,4,Remove bikes from station,7.783640596221253,High
Centre Island Ferry Dock,2025-07-10 14:00:00,5,1,-4,Shortage Risk,4,Deliver bikes to station,7.783640596221253,High
Toronto Eaton Centre (Yonge St) - SMART,2024-06-13 17:00:00,1,5,4,Overflow Risk,4,Remove bikes from station,7.783640596221253,High
Centre Island Ferry Dock,2025-08-11 19:00:00,5,1,-4,Shortage Risk,4,Deliver bikes to station,7.783640596221253,High
Centre Island Ferry Dock,2025-06-14 17:00:00,5,1,-4,Shortage Risk,4,Deliver bikes to station,7.783640596221253,High
Ward's Island Ferry Dock,2025-06-14 17:00:00,5,1,-4,Shortage Risk,4,Deliver bikes to station,7.783640596221253,High
Dundas St E / Parliament St,2024-01-02 17:00:00,1,5,4,Overflow Risk,4,Remove bikes from station,7.783640596221253,High
Tommy Thompson Park (Leslie Street Spit),2024-06-03 18:00:00,1,5,4,Overflow Risk,4,Remove bikes from station,7.783640596221253,High
Dundas St W / Crawford St,2024-05-20 16:00:00,1,5,4,Overflow Risk,4,Remove bikes from station,7.783640596221253,High
King St W / Bay St (West Side),2024-06-12 09:00:00,1,5,4,Overflow Risk,4,Remove bikes from station,7.783640596221253,High
Union Station,2024-02-08 08:00:00,1,5,4,Overflow Risk,4,Remove bikes from station,7.783640596221253,High
Ward's Island Ferry Dock,2025-08-31 17:00:00,1,5,4,Overflow Risk,4,Remove bikes from station,7.783640596221253,High
Centre Island Ferry Dock,2025-07-10 17:00:00,3,6,3,Overflow Risk,3,Remove bikes from station,6.907755278982138,High
Ward's Island Ferry Dock,2025-07-12 14:00:00,6,3,-3,Shortage Risk,3,Deliver bikes to station,6.907755278982138,High
Centre Island Ferry Dock,2025-05-19 20:00:00,3,6,3,Overflow Risk,3,Remove bikes from station,6.907755278982138,High
Centre Island Ferry Dock,2025-07-26 16:00:00,4,0,-4,Shortage Risk,4,Deliver bikes to station,6.437751649736401,High
College St / Borden St,2024-04-09 14:00:00,4,0,-4,Shortage Risk,4,Deliver bikes to station,6.437751649736401,High
York St / Queens Quay W,2024-05-18 23:00:00,0,4,4,Overflow Risk,4,Remove bikes from station,6.437751649736401,High
York St / Queens Quay W,2022-07-02 12:00:00,0,4,4,Overflow Risk,4,Remove bikes from station,6.437751649736401,High
Centre Island Ferry Dock,2025-08-11 20:00:00,0,4,4,Overflow Risk,4,Remove bikes from station,6.437751649736401,High
York St / Queens Quay W,2024-06-13 17:00:00,4,0,-4,Shortage Risk,4,Deliver bikes to station,6.437751649736401,High
Marilyn Bell Park Tennis Court,2022-07-02 19:00:00,0,4,4,Overflow Risk,4,Remove bikes from station,6.437751649736401,High
Marilyn Bell Park Tennis Court,2022-08-14 15:00:00,4,0,-4,Shortage Risk,4,Deliver bikes to station,6.437751649736401,High
Centre Island Ferry Dock,2025-08-12 14:00:00,4,0,-4,Shortage Risk,4,Deliver bikes to station,6.437751649736401,High
Queens Quay E / Lower Sherbourne St,2024-05-29 15:00:00,0,4,4,Overflow Risk,4,Remove bikes from station,6.437751649736401,High
Marilyn Bell Park Tennis Court,2024-06-08 15:00:00,0,4,4,Overflow Risk,4,Remove bikes from station,6.437751649736401,High
Centre Island Ferry Dock,2025-07-18 10:00:00,4,0,-4,Shortage Risk,4,Deliver bikes to station,6.437751649736401,High
Bay St / College St (East Side),2024-05-16 08:00:00,4,0,-4,Shortage Risk,4,Deliver bikes to station,6.437751649736401,High
Bay St / College St (East Side),2024-05-13 16:00:00,4,0,-4,Shortage Risk,4,Deliver bikes to station,6.437751649736401,High
Bay St / College St (East Side),2024-04-16 16:00:00,4,0,-4,Shortage Risk,4,Deliver bikes to station,6.437751649736401,High
King St W / Bay St (West Side),2025-11-19 08:00:00,0,4,4,Overflow Risk,4,Remove bikes from station,6.437751649736401,High
King St W / Bay St (West Side),2024-06-13 18:00:00,4,0,-4,Shortage Risk,4,Deliver bikes to station,6.437751649736401,High
King St W / Bay St (West Side),2024-06-13 08:00:00,0,4,4,Overflow Risk,4,Remove bikes from station,6.437751649736401,High
College St / Major St,2024-04-07 17:00:00,4,0,-4,Shortage Risk,4,Deliver bikes to station,6.437751649736401,High
College St / Markham St,2024-05-30 18:00:00,4,0,-4,Shortage Risk,4,Deliver bikes to station,6.437751649736401,High
Cherry St / Lake Shore Blvd E,2024-05-30 20:00:00,4,0,-4,Shortage Risk,4,Deliver bikes to station,6.437751649736401,High
Marilyn Bell Park Tennis Court,2024-05-25 18:00:00,0,4,4,Overflow Risk,4,Remove bikes from station,6.437751649736401,High
Lake Shore Blvd W / Ontario Dr,2022-07-31 19:00:00,4,0,-4,Shortage Risk,4,Deliver bikes to station,6.437751649736401,High
Northern Dancer Blvd / Lake Shore Blvd E,2022-06-25 19:00:00,4,0,-4,Shortage Risk,4,Deliver bikes to station,6.437751649736401,High
Palmerston Ave / Dundas St W,2024-04-18 17:00:00,0,4,4,Overflow Risk,4,Remove bikes from station,6.437751649736401,High
Bay St / College St (East Side),2024-06-03 20:00:00,4,0,-4,Shortage Risk,4,Deliver bikes to station,6.437751649736401,High
Bay St / College St (East Side),2024-05-22 16:00:00,4,0,-4,Shortage Risk,4,Deliver bikes to station,6.437751649736401,High
Centre Island Ferry Dock,2025-08-14 15:00:00,0,4,4,Overflow Risk,4,Remove bikes from station,6.437751649736401,High
King St W / Bay St (West Side),2024-06-11 09:00:00,0,4,4,Overflow Risk,4,Remove bikes from station,6.437751649736401,High
Lower Jarvis St / Queens Quay E,2024-06-09 18:00:00,4,0,-4,Shortage Risk,4,Deliver bikes to station,6.437751649736401,High
Lower Spadina Ave / Lake Shore Blvd W,2024-06-12 17:00:00,0,4,4,Overflow Risk,4,Remove bikes from station,6.437751649736401,High
Lisgar St / Queen St W - SMART,2024-06-01 14:00:00,0,4,4,Overflow Risk,4,Remove bikes from station,6.437751649736401,High
Lake Shore Blvd W / Ontario Dr,2022-06-04 15:00:00,4,0,-4,Shortage Risk,4,Deliver bikes to station,6.437751649736401,High
King St W / Bay St (West Side),2024-06-06 17:00:00,4,0,-4,Shortage Risk,4,Deliver bikes to station,6.437751649736401,High
King St W / Bay St (West Side),2024-06-04 09:00:00,0,4,4,Overflow Risk,4,Remove bikes from station,6.437751649736401,High
King St W / Bay St (West Side),2024-06-11 08:00:00,0,4,4,Overflow Risk,4,Remove bikes from station,6.437751649736401,High
Bay St / Wellesley St W,2024-06-08 13:00:00,4,0,-4,Shortage Risk,4,Deliver bikes to station,6.437751649736401,High
Bay St / Queens Quay W (Ferry Terminal),2024-06-01 18:00:00,4,0,-4,Shortage Risk,4,Deliver bikes to station,6.437751649736401,High
Tommy Thompson Park (Leslie Street Spit),2024-06-03 17:00:00,4,0,-4,Shortage Risk,4,Deliver bikes to station,6.437751649736401,High
King St W / Bay St (West Side),2025-12-17 08:00:00,0,4,4,Overflow Risk,4,Remove bikes from station,6.437751649736401,High
Toronto Inukshuk Park,2024-05-19 17:00:00,0,4,4,Overflow Risk,4,Remove bikes from station,6.437751649736401,High
Toronto Eaton Centre (Yonge St) - SMART,2024-06-05 17:00:00,0,4,4,Overflow Risk,4,Remove bikes from station,6.437751649736401,High
Union Station,2024-04-09 08:00:00,0,4,4,Overflow Risk,4,Remove bikes from station,6.437751649736401,High
Union Station,2024-03-05 16:00:00,0,4,4,Overflow Risk,4,Remove bikes from station,6.437751649736401,High
University Ave / College St (East),2022-05-30 08:00:00,0,4,4,Overflow Risk,4,Remove bikes from station,6.437751649736401,High
University Ave / College St (East),2022-05-12 17:00:00,4,0,-4,Shortage Risk,4,Deliver bikes to station,6.437751649736401,High
Union Station,2024-06-10 08:00:00,0,4,4,Overflow Risk,4,Remove bikes from station,6.437751649736401,High
University Ave / Gerrard St W (East Side),2024-01-03 16:00:00,4,0,-4,Shortage Risk,4,Deliver bikes to station,6.437751649736401,High
University Ave / Gerrard St W (East Side),2022-10-24 09:00:00,0,4,4,Overflow Risk,4,Remove bikes from station,6.437751649736401,High
University Ave / Gerrard St W (East Side),2022-10-03 10:00:00,0,4,4,Overflow Risk,4,Remove bikes from station,6.437751649736401,High
King St W / Charlotte St,2024-05-23 17:00:00,0,4,4,Overflow Risk,4,Remove bikes from station,6.437751649736401,High
Lake Shore Blvd E / Leslie St,2022-07-01 22:00:00,0,4,4,Overflow Risk,4,Remove bikes from station,6.437751649736401,High
Lake Shore Blvd W / Colborne Lodge Dr,2024-05-04 10:00:00,0,4,4,Overflow Risk,4,Remove bikes from station,6.437751649736401,High
Lake Shore Blvd W / Ontario Dr,2022-08-20 18:00:00,4,0,-4,Shortage Risk,4,Deliver bikes to station,6.437751649736401,High
Centre Island Ferry Dock,2025-08-23 12:00:00,4,0,-4,Shortage Risk,4,Deliver bikes to station,6.437751649736401,High
12 Harbour St,2024-05-12 17:00:00,0,4,4,Overflow Risk,4,Remove bikes from station,6.437751649736401,High
College St / Crawford St,2024-04-25 17:00:00,0,4,4,Overflow Risk,4,Remove bikes from station,6.437751649736401,High
Church St / Bloor St E,2022-09-20 09:00:00,4,0,-4,Shortage Risk,4,Deliver bikes to station,6.437751649736401,High
Church St  / Wood St,2024-05-14 17:00:00,0,4,4,Overflow Risk,4,Remove bikes from station,6.437751649736401,High
Centre Island Ferry Dock,2025-08-21 16:00:00,0,4,4,Overflow Risk,4,Remove bikes from station,6.437751649736401,High
Queens Park Cres / College St,2024-05-16 08:00:00,0,4,4,Overflow Risk,4,Remove bikes from station,6.437751649736401,High
Queen St W / John St,2024-05-07 21:00:00,0,4,4,Overflow Risk,4,Remove bikes from station,6.437751649736401,High
Queen St W / John St,2024-05-30 18:00:00,4,0,-4,Shortage Risk,4,Deliver bikes to station,6.437751649736401,High
Polson Pier,2025-08-12 21:00:00,4,0,-4,Shortage Risk,4,Deliver bikes to station,6.437751649736401,High
Polson Pier,2025-08-12 22:00:00,0,4,4,Overflow Risk,4,Remove bikes from station,6.437751649736401,High
Polson Pier,2024-06-04 21:00:00,4,0,-4,Shortage Risk,4,Deliver bikes to station,6.437751649736401,High
Polson Pier,2024-06-05 18:00:00,0,4,4,Overflow Risk,4,Remove bikes from station,6.437751649736401,High
Ontario Place Blvd / Lake Shore Blvd W (East),2022-08-27 23:00:00,4,0,-4,Shortage Risk,4,Deliver bikes to station,6.437751649736401,High
Ontario Place Blvd / Lake Shore Blvd W (East),2022-09-03 23:00:00,4,0,-4,Shortage Risk,4,Deliver bikes to station,6.437751649736401,High
Bathurst St/Queens Quay(Billy Bishop Airport),2022-05-14 18:00:00,4,0,-4,Shortage Risk,4,Deliver bikes to station,6.437751649736401,High
Queen's Park / Bloor St W,2024-02-10 13:00:00,4,0,-4,Shortage Risk,4,Deliver bikes to station,6.437751649736401,High
Queen's Park Cres W / Hoskin Ave,2024-04-29 17:00:00,4,0,-4,Shortage Risk,4,Deliver bikes to station,6.437751649736401,High
Queens Quay / Yonge St,2024-05-13 17:00:00,4,0,-4,Shortage Risk,4,Deliver bikes to station,6.437751649736401,High
King St W / Bay St (West Side),2024-05-14 08:00:00,0,4,4,Overflow Risk,4,Remove bikes from station,6.437751649736401,High
King St W / Bay St (West Side),2024-05-09 08:00:00,0,4,4,Overflow Risk,4,Remove bikes from station,6.437751649736401,High
King St W / Bay St (West Side),2024-05-02 09:00:00,0,4,4,Overflow Risk,4,Remove bikes from station,6.437751649736401,High
Simcoe St / King St W,2024-04-19 19:00:00,4,0,-4,Shortage Risk,4,Deliver bikes to station,6.437751649736401,High
Simcoe St / Queen St W,2024-06-13 10:00:00,0,4,4,Overflow Risk,4,Remove bikes from station,6.437751649736401,High
Simcoe St / Queen St W,2024-06-05 09:00:00,0,4,4,Overflow Risk,4,Remove bikes from station,6.437751649736401,High
Simcoe St / Queen St W,2024-05-08 19:00:00,4,0,-4,Shortage Risk,4,Deliver bikes to station,6.437751649736401,High
Spadina Ave / Fort York Blvd,2024-04-25 20:00:00,0,4,4,Overflow Risk,4,Remove bikes from station,6.437751649736401,High
Spadina Ave / Harbord St - SMART,2024-04-16 17:00:00,4,0,-4,Shortage Risk,4,Deliver bikes to station,6.437751649736401,High
Bathurst St/Queens Quay(Billy Bishop Airport),2022-06-12 19:00:00,0,4,4,Overflow Risk,4,Remove bikes from station,6.437751649736401,High
King St W / Bay St (West Side),2024-05-22 17:00:00,4,0,-4,Shortage Risk,4,Deliver bikes to station,6.437751649736401,High
Queens Quay E / Lower Sherbourne St,2022-06-25 12:00:00,0,4,4,Overflow Risk,4,Remove bikes from station,6.437751649736401,High
Queens Quay E / Lower Jarvis St,2024-06-11 19:00:00,0,4,4,Overflow Risk,4,Remove bikes from station,6.437751649736401,High
Queens Quay E / Lower Jarvis St,2024-05-23 18:00:00,0,4,4,Overflow Risk,4,Remove bikes from station,6.437751649736401,High
Sherbourne St / Carlton St (Allan Gardens),2024-05-16 17:00:00,0,4,4,Overflow Risk,4,Remove bikes from station,6.437751649736401,High
Riverdale Park North (Broadview Ave),2024-04-14 18:00:00,4,0,-4,Shortage Risk,4,Deliver bikes to station,6.437751649736401,High
Richmond St W / York St,2024-04-19 16:00:00,4,0,-4,Shortage Risk,4,Deliver bikes to station,6.437751649736401,High
Richmond St E / Yonge St,2024-06-03 18:00:00,4,0,-4,Shortage Risk,4,Deliver bikes to station,6.437751649736401,High
Sherbourne St / Wellesley St E,2024-06-13 16:00:00,4,0,-4,Shortage Risk,4,Deliver bikes to station,6.437751649736401,High
King St W / Bay St (West Side),2024-04-22 08:00:00,0,4,4,Overflow Risk,4,Remove bikes from station,6.437751649736401,High
King St W / Bay St (West Side),2024-04-18 18:00:00,4,0,-4,Shortage Risk,4,Deliver bikes to station,6.437751649736401,High
King St W / Bay St (West Side),2024-03-19 09:00:00,0,4,4,Overflow Risk,4,Remove bikes from station,6.437751649736401,High
King St W / Bay St (West Side),2024-03-18 09:00:00,0,4,4,Overflow Risk,4,Remove bikes from station,6.437751649736401,High
Bond St / Queen St E,2024-04-30 17:00:00,4,0,-4,Shortage Risk,4,Deliver bikes to station,6.437751649736401,High
Bond St / Queen St E,2024-04-24 18:00:00,0,4,4,Overflow Risk,4,Remove bikes from station,6.437751649736401,High
Bond St / Queen St E,2024-02-14 08:00:00,0,4,4,Overflow Risk,4,Remove bikes from station,6.437751649736401,High
King St W / Bay St (West Side),2024-03-13 09:00:00,0,4,4,Overflow Risk,4,Remove bikes from station,6.437751649736401,High
King St W / Bay St (West Side),2024-03-11 09:00:00,0,4,4,Overflow Risk,4,Remove bikes from station,6.437751649736401,High
King St W / Bay St (West Side),2024-03-06 09:00:00,0,4,4,Overflow Risk,4,Remove bikes from station,6.437751649736401,High
University Ave / College St (East),2024-06-13 15:00:00,4,0,-4,Shortage Risk,4,Deliver bikes to station,6.437751649736401,High
Strachan Ave / Princes' Blvd,2022-09-11 22:00:00,4,0,-4,Shortage Risk,4,Deliver bikes to station,6.437751649736401,High
Strachan Ave / Princes' Blvd,2022-08-13 21:00:00,4,0,-4,Shortage Risk,4,Deliver bikes to station,6.437751649736401,High
Temperance St Station,2024-05-22 08:00:00,0,4,4,Overflow Risk,4,Remove bikes from station,6.437751649736401,High
Temperance St Station,2024-05-07 17:00:00,4,0,-4,Shortage Risk,4,Deliver bikes to station,6.437751649736401,High
Temperance St / Bay St,2024-05-14 17:00:00,4,0,-4,Shortage Risk,4,Deliver bikes to station,6.437751649736401,High
Temperance St / Bay St,2024-03-14 08:00:00,0,4,4,Overflow Risk,4,Remove bikes from station,6.437751649736401,High
Temperance St Station,2024-06-11 08:00:00,0,4,4,Overflow Risk,4,Remove bikes from station,6.437751649736401,High
Temperance St Station,2024-06-06 18:00:00,4,0,-4,Shortage Risk,4,Deliver bikes to station,6.437751649736401,High
The Well,2024-06-13 17:00:00,4,0,-4,Shortage Risk,4,Deliver bikes to station,6.437751649736401,High
Bathurst St / Front St W,2024-04-15 17:00:00,4,0,-4,Shortage Risk,4,Deliver bikes to station,6.437751649736401,High
Bathurst St / Adelaide St W,2024-05-17 18:00:00,0,4,4,Overflow Risk,4,Remove bikes from station,6.437751649736401,High
King St W / Bay St (West Side),2024-03-06 08:00:00,0,4,4,Overflow Risk,4,Remove bikes from station,6.437751649736401,High
King St W / Bay St (West Side),2024-04-18 08:00:00,0,4,4,Overflow Risk,4,Remove bikes from station,6.437751649736401,High
King St W / Bay St (West Side),2024-05-21 17:00:00,4,0,-4,Shortage Risk,4,Deliver bikes to station,6.437751649736401,High
King St W / Bay St (West Side),2024-04-10 09:00:00,0,4,4,Overflow Risk,4,Remove bikes from station,6.437751649736401,High
King St W / Bay St (West Side),2024-04-08 08:00:00,0,4,4,Overflow Risk,4,Remove bikes from station,6.437751649736401,High
King St W / Bay St (West Side),2024-04-02 08:00:00,0,4,4,Overflow Risk,4,Remove bikes from station,6.437751649736401,High
King St W / Bay St (West Side),2024-03-26 09:00:00,0,4,4,Overflow Risk,4,Remove bikes from station,6.437751649736401,High
King St W / Bay St (West Side),2024-05-01 09:00:00,0,4,4,Overflow Risk,4,Remove bikes from station,6.437751649736401,High
King St W / Bay St (West Side),2024-04-25 08:00:00,0,4,4,Overflow Risk,4,Remove bikes from station,6.437751649736401,High
King St W / Bay St (West Side),2024-04-24 09:00:00,0,4,4,Overflow Risk,4,Remove bikes from station,6.437751649736401,High
King St W / Bay St (East Side),2024-05-23 16:00:00,4,0,-4,Shortage Risk,4,Deliver bikes to station,6.437751649736401,High
King St W / Bay St (West Side),2024-02-20 09:00:00,0,4,4,Overflow Risk,4,Remove bikes from station,6.437751649736401,High
King St W / Bay St (West Side),2024-02-27 08:00:00,0,4,4,Overflow Risk,4,Remove bikes from station,6.437751649736401,High
Centre Island Ferry Dock,2025-05-26 19:00:00,0,4,4,Overflow Risk,4,Remove bikes from station,6.437751649736401,High
Centre Island,2025-07-26 16:00:00,4,0,-4,Shortage Risk,4,Deliver bikes to station,6.437751649736401,High
King St W / Bay St (West Side),2022-10-27 09:00:00,0,4,4,Overflow Risk,4,Remove bikes from station,6.437751649736401,High
King St W / Bay St (West Side),2024-01-30 08:00:00,0,4,4,Overflow Risk,4,Remove bikes from station,6.437751649736401,High
King St W / Bay St (West Side),2024-01-30 09:00:00,0,4,4,Overflow Risk,4,Remove bikes from station,6.437751649736401,High
King St W / Bay St (West Side),2024-01-31 09:00:00,0,4,4,Overflow Risk,4,Remove bikes from station,6.437751649736401,High
Fort York Blvd / Garrison Rd,2022-08-06 18:00:00,0,4,4,Overflow Risk,4,Remove bikes from station,6.437751649736401,High
Centre Island Ferry Dock,2025-05-19 12:00:00,4,0,-4,Shortage Risk,4,Deliver bikes to station,6.437751649736401,High
King St W / Bay St (West Side),2022-10-25 08:00:00,0,4,4,Overflow Risk,4,Remove bikes from station,6.437751649736401,High
Centre Island Ferry Dock,2025-06-21 12:00:00,4,0,-4,Shortage Risk,4,Deliver bikes to station,6.437751649736401,High
King St W / Bay St (West Side),2022-10-19 09:00:00,0,4,4,Overflow Risk,4,Remove bikes from station,6.437751649736401,High
King St W / Bay St (West Side),2022-09-07 09:00:00,0,4,4,Overflow Risk,4,Remove bikes from station,6.437751649736401,High
Centre Island,2025-08-24 18:00:00,0,4,4,Overflow Risk,4,Remove bikes from station,6.437751649736401,High
Humber Bay Shores Park / Marine Parade Dr,2024-05-18 14:00:00,4,0,-4,Shortage Risk,4,Deliver bikes to station,6.437751649736401,High
Humber Bay Shores Park / Marine Parade Dr,2024-05-15 20:00:00,0,4,4,Overflow Risk,4,Remove bikes from station,6.437751649736401,High
Huron St / Harbord St,2024-02-27 09:00:00,0,4,4,Overflow Risk,4,Remove bikes from station,6.437751649736401,High
Jarvis St / Dundas St E,2022-08-30 18:00:00,4,0,-4,Shortage Risk,4,Deliver bikes to station,6.437751649736401,High
King St E / Ontario St.,2022-06-21 20:00:00,0,4,4,Overflow Risk,4,Remove bikes from station,6.437751649736401,High
John St  / Mercer St - SMART,2024-05-31 09:00:00,4,0,-4,Shortage Risk,4,Deliver bikes to station,6.437751649736401,High
Centre Island Ferry Dock,2025-06-01 15:00:00,0,4,4,Overflow Risk,4,Remove bikes from station,6.437751649736401,High
Centre Island Ferry Dock,2025-07-25 11:00:00,4,0,-4,Shortage Risk,4,Deliver bikes to station,6.437751649736401,High
University Ave / College St (East),2024-05-16 07:00:00,0,4,4,Overflow Risk,4,Remove bikes from station,6.437751649736401,High
University Ave / Gerrard St W (East Side),2024-04-16 08:00:00,0,4,4,Overflow Risk,4,Remove bikes from station,6.437751649736401,High
Front St W / Yonge St (Hockey Hall of Fame),2024-06-12 17:00:00,4,0,-4,Shortage Risk,4,Deliver bikes to station,6.437751649736401,High
Gibraltar Point Beach,2025-06-29 16:00:00,0,4,4,Overflow Risk,4,Remove bikes from station,6.437751649736401,High
Gibraltar Point Beach,2025-06-29 15:00:00,4,0,-4,Shortage Risk,4,Deliver bikes to station,6.437751649736401,High
HTO Park (Queens Quay W),2022-08-19 20:00:00,0,4,4,Overflow Risk,4,Remove bikes from station,6.437751649736401,High
HTO Park (Queens Quay W),2022-07-24 19:00:00,4,0,-4,Shortage Risk,4,Deliver bikes to station,6.437751649736401,High
King St W / Bay St (West Side),2022-09-06 08:00:00,0,4,4,Overflow Risk,4,Remove bikes from station,6.437751649736401,High
University Ave / Gerrard St W (East Side),2024-06-13 07:00:00,0,4,4,Overflow Risk,4,Remove bikes from station,6.437751649736401,High
University Ave / Gerrard St W (East Side),2024-04-23 08:00:00,0,4,4,Overflow Risk,4,Remove bikes from station,6.437751649736401,High
University Ave / Gerrard St W (East Side),2024-05-30 08:00:00,0,4,4,Overflow Risk,4,Remove bikes from station,6.437751649736401,High
University Ave / Gerrard St W (East Side),2024-06-04 08:00:00,0,4,4,Overflow Risk,4,Remove bikes from station,6.437751649736401,High
University Ave / Gerrard St W (East Side),2024-06-05 07:00:00,0,4,4,Overflow Risk,4,Remove bikes from station,6.437751649736401,High
University Ave / Gerrard St W (East Side),2024-02-26 08:00:00,0,4,4,Overflow Risk,4,Remove bikes from station,6.437751649736401,High
Victoria St / Queen St E,2022-06-28 18:00:00,4,0,-4,Shortage Risk,4,Deliver bikes to station,6.437751649736401,High
University Ave / Gerrard St W (East Side),2024-06-12 08:00:00,0,4,4,Overflow Risk,4,Remove bikes from station,6.437751649736401,High
Ward's Island Ferry Dock,2025-06-28 17:00:00,0,4,4,Overflow Risk,4,Remove bikes from station,6.437751649736401,High
Wellington St W / Bay St,2024-05-13 17:00:00,4,0,-4,Shortage Risk,4,Deliver bikes to station,6.437751649736401,High
Wellington St W / Bay St,2024-04-23 08:00:00,0,4,4,Overflow Risk,4,Remove bikes from station,6.437751649736401,High
Yonge St / Alexander St - SMART,2022-12-19 18:00:00,0,4,4,Overflow Risk,4,Remove bikes from station,6.437751649736401,High
Willcocks St / St. George St,2022-10-20 16:00:00,4,0,-4,Shortage Risk,4,Deliver bikes to station,6.437751649736401,High
University Ave / Gerrard St W (East Side),2024-06-11 08:00:00,0,4,4,Overflow Risk,4,Remove bikes from station,6.437751649736401,High
Adelaide St W / Bay St - SMART,2022-08-04 09:00:00,0,4,4,Overflow Risk,4,Remove bikes from station,6.437751649736401,High
University Ave / Gerrard St W (East Side),2024-06-11 09:00:00,0,4,4,Overflow Risk,4,Remove bikes from station,6.437751649736401,High
York St / Queens Quay W,2024-04-24 08:00:00,0,4,4,Overflow Risk,4,Remove bikes from station,6.437751649736401,High
York St / Queens Quay W,2024-05-10 20:00:00,4,0,-4,Shortage Risk,4,Deliver bikes to station,6.437751649736401,High
York St / Queens Quay W,2022-06-03 20:00:00,0,4,4,Overflow Risk,4,Remove bikes from station,6.437751649736401,High
York St / Queens Quay W,2024-04-15 08:00:00,0,4,4,Overflow Risk,4,Remove bikes from station,6.437751649736401,High
College St / Major St,2024-06-04 17:00:00,4,0,-4,Shortage Risk,4,Deliver bikes to station,6.437751649736401,High
York St / Queens Quay W,2024-04-09 08:00:00,0,4,4,Overflow Risk,4,Remove bikes from station,6.437751649736401,High
Adelaide St W / Brant St,2022-09-16 09:00:00,0,4,4,Overflow Risk,4,Remove bikes from station,6.437751649736401,High
College St / Major St,2024-06-12 17:00:00,0,4,4,Overflow Risk,4,Remove bikes from station,6.437751649736401,High
Dundas St E / Regent Park Blvd,2024-05-15 17:00:00,0,4,4,Overflow Risk,4,Remove bikes from station,6.437751649736401,High
College St / Markham St,2024-06-05 17:00:00,0,4,4,Overflow Risk,4,Remove bikes from station,6.437751649736401,High
Coronation Park (Martin Goodman Trail),2024-06-02 18:00:00,4,0,-4,Shortage Risk,4,Deliver bikes to station,6.437751649736401,High
Dundas St E / Parliament St,2024-03-13 21:00:00,0,4,4,Overflow Risk,4,Remove bikes from station,6.437751649736401,High
Dundas St W / Crawford St,2024-05-20 15:00:00,0,4,4,Overflow Risk,4,Remove bikes from station,6.437751649736401,High
Dundas St W / Yonge St,2024-05-16 17:00:00,0,4,4,Overflow Risk,4,Remove bikes from station,6.437751649736401,High
Exhibition GO Station,2024-05-05 11:00:00,4,0,-4,Shortage Risk,4,Deliver bikes to station,6.437751649736401,High
Centre Island Ferry Dock,2025-06-28 14:00:00,0,4,4,Overflow Risk,4,Remove bikes from station,6.437751649736401,High
Bay St / College St (East Side),2024-06-06 17:00:00,5,2,-3,Shortage Risk,3,Deliver bikes to station,6.238324625039507,High
Centre Island Ferry Dock,2025-08-31 12:00:00,5,2,-3,Shortage Risk,3,Deliver bikes to station,6.238324625039507,High
St. George St / Bloor St W,2022-09-29 18:00:00,2,5,3,Overflow Risk,3,Remove bikes from station,6.238324625039507,High
Hanlan's Point Ferry Dock,2025-08-01 13:00:00,5,2,-3,Shortage Risk,3,Deliver bikes to station,6.238324625039507,High
Ward's Island Ferry Dock,2025-08-24 16:00:00,5,2,-3,Shortage Risk,3,Deliver bikes to station,6.238324625039507,High
Centre Island Ferry Dock,2025-08-18 16:00:00,2,5,3,Overflow Risk,3,Remove bikes from station,6.238324625039507,High
York St / Queens Quay W,2024-05-20 14:00:00,5,2,-3,Shortage Risk,3,Deliver bikes to station,6.238324625039507,High
Centre Island Ferry Dock,2025-07-20 11:00:00,5,2,-3,Shortage Risk,3,Deliver bikes to station,6.238324625039507,High
Centre Island Ferry Dock,2025-07-22 19:00:00,2,5,3,Overflow Risk,3,Remove bikes from station,6.238324625039507,High
Centre Island Ferry Dock,2025-07-11 14:00:00,5,2,-3,Shortage Risk,3,Deliver bikes to station,6.238324625039507,High
Centre Island Ferry Dock,2025-07-05 11:00:00,5,2,-3,Shortage Risk,3,Deliver bikes to station,6.238324625039507,High
Centre Island Ferry Dock,2025-07-04 17:00:00,2,5,3,Overflow Risk,3,Remove bikes from station,6.238324625039507,High
Centre Island Ferry Dock,2025-08-09 18:00:00,2,5,3,Overflow Risk,3,Remove bikes from station,6.238324625039507,High
Queens Quay / Yonge St,2024-06-04 17:00:00,5,2,-3,Shortage Risk,3,Deliver bikes to station,6.238324625039507,High
York St / Queens Quay W,2024-06-04 17:00:00,5,2,-3,Shortage Risk,3,Deliver bikes to station,6.238324625039507,High
Centre Island Ferry Dock,2025-07-01 11:00:00,5,2,-3,Shortage Risk,3,Deliver bikes to station,6.238324625039507,High
Centre Island Ferry Dock,2025-06-28 13:00:00,5,2,-3,Shortage Risk,3,Deliver bikes to station,6.238324625039507,High
Centre Island Ferry Dock,2025-06-29 14:00:00,2,5,3,Overflow Risk,3,Remove bikes from station,6.238324625039507,High
Bay St / Queens Quay W (Ferry Terminal),2024-06-09 13:00:00,2,5,3,Overflow Risk,3,Remove bikes from station,6.238324625039507,High
Tommy Thompson Park (Leslie Street Spit),2024-05-19 14:00:00,4,1,-3,Shortage Risk,3,Deliver bikes to station,5.375278407684165,High
College St / Crawford St,2024-06-04 17:00:00,1,4,3,Overflow Risk,3,Remove bikes from station,5.375278407684165,High
Simcoe St / Wellington St W South,2024-05-15 17:00:00,4,1,-3,Shortage Risk,3,Deliver bikes to station,5.375278407684165,High
Centre Island,2025-08-10 14:00:00,4,1,-3,Shortage Risk,3,Deliver bikes to station,5.375278407684165,High
Lake Shore Blvd W / Colborne Lodge Dr,2024-05-26 18:00:00,1,4,3,Overflow Risk,3,Remove bikes from station,5.375278407684165,High
Frederick St / King St E,2024-05-28 17:00:00,4,1,-3,Shortage Risk,3,Deliver bikes to station,5.375278407684165,High
Ward's Island Ferry Dock,2025-08-30 13:00:00,4,1,-3,Shortage Risk,3,Deliver bikes to station,5.375278407684165,High
Church St  / Wood St,2024-05-25 15:00:00,1,4,3,Overflow Risk,3,Remove bikes from station,5.375278407684165,High
Lake Shore Blvd W / Colborne Lodge Dr,2024-05-20 15:00:00,4,1,-3,Shortage Risk,3,Deliver bikes to station,5.375278407684165,High
Bay St / Wellesley St W,2024-05-29 10:00:00,4,1,-3,Shortage Risk,3,Deliver bikes to station,5.375278407684165,High
King St W / Bay St (West Side),2024-05-17 08:00:00,1,4,3,Overflow Risk,3,Remove bikes from station,5.375278407684165,High
Lake Shore Blvd W / Ontario Dr,2022-08-14 14:00:00,1,4,3,Overflow Risk,3,Remove bikes from station,5.375278407684165,High
Hanlan's Point Ferry Dock,2025-08-22 15:00:00,4,1,-3,Shortage Risk,3,Deliver bikes to station,5.375278407684165,High
Bathurst St / Fort York Blvd,2024-05-29 19:00:00,1,4,3,Overflow Risk,3,Remove bikes from station,5.375278407684165,High
Hanlan's Point Ferry Dock,2025-06-29 15:00:00,1,4,3,Overflow Risk,3,Remove bikes from station,5.375278407684165,High
Widmer St / Adelaide St W - SMART,2024-04-09 18:00:00,4,1,-3,Shortage Risk,3,Deliver bikes to station,5.375278407684165,High
Dundas St W / Yonge St,2024-06-12 16:00:00,4,1,-3,Shortage Risk,3,Deliver bikes to station,5.375278407684165,High
Leslie St / Commissioners St,2024-05-18 17:00:00,4,1,-3,Shortage Risk,3,Deliver bikes to station,5.375278407684165,High
Centre Island Ferry Dock,2025-05-31 17:00:00,1,4,3,Overflow Risk,3,Remove bikes from station,5.375278407684165,High
Temperance St Station,2025-06-03 17:00:00,4,1,-3,Shortage Risk,3,Deliver bikes to station,5.375278407684165,High
Ontario Place Blvd / Lake Shore Blvd W (East),2022-09-03 15:00:00,4,1,-3,Shortage Risk,3,Deliver bikes to station,5.375278407684165,High
Wellington St W / Blue Jays Way,2025-08-27 16:00:00,4,1,-3,Shortage Risk,3,Deliver bikes to station,5.375278407684165,High
Temperance St Station,2025-06-03 18:00:00,1,4,3,Overflow Risk,3,Remove bikes from station,5.375278407684165,High
Ontario Place Blvd / Lake Shore Blvd W (East),2022-09-24 12:00:00,1,4,3,Overflow Risk,3,Remove bikes from station,5.375278407684165,High
Carlton St / Parliament St,2024-05-07 17:00:00,1,4,3,Overflow Risk,3,Remove bikes from station,5.375278407684165,High
Bathurst St / Front St W,2024-04-26 08:00:00,4,1,-3,Shortage Risk,3,Deliver bikes to station,5.375278407684165,High
Carlton St / Parliament St,2024-06-04 17:00:00,1,4,3,Overflow Risk,3,Remove bikes from station,5.375278407684165,High
King St W / Bay St (West Side),2024-05-23 17:00:00,4,1,-3,Shortage Risk,3,Deliver bikes to station,5.375278407684165,High
Centre Island Ferry Dock,2025-07-13 21:00:00,1,4,3,Overflow Risk,3,Remove bikes from station,5.375278407684165,High
Centre Island Ferry Dock,2025-07-13 13:00:00,4,1,-3,Shortage Risk,3,Deliver bikes to station,5.375278407684165,High
Union Station,2024-05-23 09:00:00,4,1,-3,Shortage Risk,3,Deliver bikes to station,5.375278407684165,High
Bay St / College St (East Side),2022-06-17 17:00:00,4,1,-3,Shortage Risk,3,Deliver bikes to station,5.375278407684165,High
King St W / Bay St (West Side),2024-05-13 17:00:00,4,1,-3,Shortage Risk,3,Deliver bikes to station,5.375278407684165,High
Fort York  Blvd / Capreol Ct,2024-04-23 08:00:00,4,1,-3,Shortage Risk,3,Deliver bikes to station,5.375278407684165,High
Bay St / Wellesley St W,2024-06-05 19:00:00,4,1,-3,Shortage Risk,3,Deliver bikes to station,5.375278407684165,High
Queens Quay / Yonge St,2024-05-20 13:00:00,1,4,3,Overflow Risk,3,Remove bikes from station,5.375278407684165,High
Centre Island Ferry Dock,2025-06-25 16:00:00,1,4,3,Overflow Risk,3,Remove bikes from station,5.375278407684165,High
Dundas St E / Regent Park Blvd,2024-04-17 17:00:00,1,4,3,Overflow Risk,3,Remove bikes from station,5.375278407684165,High
Bloor St W / Christie St,2024-05-29 16:00:00,4,1,-3,Shortage Risk,3,Deliver bikes to station,5.375278407684165,High
King St W / Charlotte St (West Side),2022-10-07 19:00:00,4,1,-3,Shortage Risk,3,Deliver bikes to station,5.375278407684165,High
Toronto Inukshuk Park,2024-05-24 20:00:00,4,1,-3,Shortage Risk,3,Deliver bikes to station,5.375278407684165,High
King St W / Bay St (West Side),2024-03-26 08:00:00,1,4,3,Overflow Risk,3,Remove bikes from station,5.375278407684165,High
Queens Quay W / Lower Simcoe St,2024-05-19 17:00:00,1,4,3,Overflow Risk,3,Remove bikes from station,5.375278407684165,High
Centre Island Ferry Dock,2025-06-26 18:00:00,1,4,3,Overflow Risk,3,Remove bikes from station,5.375278407684165,High
College St / Major St,2024-05-23 19:00:00,4,1,-3,Shortage Risk,3,Deliver bikes to station,5.375278407684165,High
Queen St W / John St,2024-05-24 18:00:00,4,1,-3,Shortage Risk,3,Deliver bikes to station,5.375278407684165,High
King St W / Tecumseth St,2024-04-15 17:00:00,4,1,-3,Shortage Risk,3,Deliver bikes to station,5.375278407684165,High
Ward's Island Ferry Dock,2025-06-14 18:00:00,1,4,3,Overflow Risk,3,Remove bikes from station,5.375278407684165,High
Centre Island Ferry Dock,2025-07-27 12:00:00,4,1,-3,Shortage Risk,3,Deliver bikes to station,5.375278407684165,High
Centre Island Ferry Dock,2025-07-02 15:00:00,1,4,3,Overflow Risk,3,Remove bikes from station,5.375278407684165,High
Bay St / College St (East Side),2024-05-27 17:00:00,4,1,-3,Shortage Risk,3,Deliver bikes to station,5.375278407684165,High
Centre Island Ferry Dock,2025-06-28 22:00:00,1,4,3,Overflow Risk,3,Remove bikes from station,5.375278407684165,High
Bay St / College St (East Side),2024-06-13 17:00:00,1,4,3,Overflow Risk,3,Remove bikes from station,5.375278407684165,High
University Ave / Gerrard St W (East Side),2024-06-03 08:00:00,1,4,3,Overflow Risk,3,Remove bikes from station,5.375278407684165,High
Ward's Island Ferry Dock,2025-06-02 14:00:00,4,1,-3,Shortage Risk,3,Deliver bikes to station,5.375278407684165,High
Wellesley Station Green P,2024-05-26 13:00:00,4,1,-3,Shortage Risk,3,Deliver bikes to station,5.375278407684165,High
College St / Markham St,2024-05-29 16:00:00,1,4,3,Overflow Risk,3,Remove bikes from station,5.375278407684165,High
Simcoe St / King St W,2024-03-12 17:00:00,1,4,3,Overflow Risk,3,Remove bikes from station,5.375278407684165,High
Humber Bay Shores Park East,2024-06-01 17:00:00,4,1,-3,Shortage Risk,3,Deliver bikes to station,5.375278407684165,High
Ontario Place Blvd / Lake Shore Blvd W,2025-07-08 23:00:00,1,4,3,Overflow Risk,3,Remove bikes from station,5.375278407684165,High
St. George St / Bloor St W,2024-05-29 16:00:00,4,1,-3,Shortage Risk,3,Deliver bikes to station,5.375278407684165,High
Centre Island Ferry Dock,2025-08-16 20:00:00,1,4,3,Overflow Risk,3,Remove bikes from station,5.375278407684165,High
Centre Island Ferry Dock,2025-08-17 17:00:00,1,4,3,Overflow Risk,3,Remove bikes from station,5.375278407684165,High
Mill St / Parliament St,2024-05-26 17:00:00,4,1,-3,Shortage Risk,3,Deliver bikes to station,5.375278407684165,High
Centre Island Ferry Dock,2025-07-15 18:00:00,1,4,3,Overflow Risk,3,Remove bikes from station,5.375278407684165,High
King St E / River St,2024-05-26 17:00:00,4,1,-3,Shortage Risk,3,Deliver bikes to station,5.375278407684165,High
Centre Island Ferry Dock,2025-07-21 15:00:00,1,4,3,Overflow Risk,3,Remove bikes from station,5.375278407684165,High
Centre Island Ferry Dock,2025-06-20 11:00:00,4,1,-3,Shortage Risk,3,Deliver bikes to station,5.375278407684165,High
Centre Island Ferry Dock,2025-07-02 14:00:00,4,1,-3,Shortage Risk,3,Deliver bikes to station,5.375278407684165,High
Bay St / Queens Quay W (Ferry Terminal),2024-06-10 18:00:00,4,1,-3,Shortage Risk,3,Deliver bikes to station,5.375278407684165,High
York St / Queens Quay W,2024-05-20 18:00:00,4,1,-3,Shortage Risk,3,Deliver bikes to station,5.375278407684165,High
Centre Island Ferry Dock,2025-07-28 19:00:00,1,4,3,Overflow Risk,3,Remove bikes from station,5.375278407684165,High
Centre Island,2025-08-24 17:00:00,4,1,-3,Shortage Risk,3,Deliver bikes to station,5.375278407684165,High
Strachan Ave / Princes' Blvd,2022-09-10 23:00:00,4,1,-3,Shortage Risk,3,Deliver bikes to station,5.375278407684165,High
Centre Island,2025-09-01 17:00:00,1,4,3,Overflow Risk,3,Remove bikes from station,5.375278407684165,High
Centre Island Ferry Dock,2025-05-17 15:00:00,4,1,-3,Shortage Risk,3,Deliver bikes to station,5.375278407684165,High
Centre Island Ferry Dock,2025-08-10 19:00:00,4,1,-3,Shortage Risk,3,Deliver bikes to station,5.375278407684165,High
Centre Island Ferry Dock,2025-08-10 20:00:00,1,4,3,Overflow Risk,3,Remove bikes from station,5.375278407684165,High
Sumach St / Carlton St (Riverdale Farm),2024-05-20 16:00:00,1,4,3,Overflow Risk,3,Remove bikes from station,5.375278407684165,High
Lower Jarvis St / Queens Quay E,2024-06-04 12:00:00,4,1,-3,Shortage Risk,3,Deliver bikes to station,5.375278407684165,High
Centre Island Ferry Dock,2025-08-29 19:00:00,1,4,3,Overflow Risk,3,Remove bikes from station,5.375278407684165,High
Centre Island Ferry Dock,2025-08-31 13:00:00,1,4,3,Overflow Risk,3,Remove bikes from station,5.375278407684165,High
York St / Queens Quay W,2022-05-14 17:00:00,4,1,-3,Shortage Risk,3,Deliver bikes to station,5.375278407684165,High
Centre Island Ferry Dock,2025-06-12 16:00:00,1,4,3,Overflow Risk,3,Remove bikes from station,5.375278407684165,High
Centre Island Ferry Dock,2025-06-02 18:00:00,1,4,3,Overflow Risk,3,Remove bikes from station,5.375278407684165,High
Centre Island Ferry Dock,2025-08-31 14:00:00,4,1,-3,Shortage Risk,3,Deliver bikes to station,5.375278407684165,High
High Park Amphitheatre,2024-04-26 19:00:00,4,1,-3,Shortage Risk,3,Deliver bikes to station,5.375278407684165,High
Centre Island Ferry Dock,2025-09-01 14:00:00,4,1,-3,Shortage Risk,3,Deliver bikes to station,5.375278407684165,High
Centre Island Ferry Dock,2025-06-13 13:00:00,4,1,-3,Shortage Risk,3,Deliver bikes to station,5.375278407684165,High
Centre Island Ferry Dock,2025-06-01 13:00:00,4,1,-3,Shortage Risk,3,Deliver bikes to station,5.375278407684165,High
Sherbourne St / Carlton St (Allan Gardens),2022-06-12 16:00:00,3,0,-3,Shortage Risk,3,Deliver bikes to station,4.1588830833596715,Medium
Sherbourne St / Wellesley St E,2024-02-27 08:00:00,3,0,-3,Shortage Risk,3,Deliver bikes to station,4.1588830833596715,Medium
Sherbourne St / Carlton St (Allan Gardens),2022-06-25 21:00:00,0,3,3,Overflow Risk,3,Remove bikes from station,4.1588830833596715,Medium
Sherbourne St / Isabella St,2024-03-24 12:00:00,3,0,-3,Shortage Risk,3,Deliver bikes to station,4.1588830833596715,Medium
Sherbourne St / Wellesley St E,2022-08-31 19:00:00,0,3,3,Overflow Risk,3,Remove bikes from station,4.1588830833596715,Medium
Sherbourne St / Isabella St,2024-05-07 17:00:00,0,3,3,Overflow Risk,3,Remove bikes from station,4.1588830833596715,Medium
Sherbourne St / Carlton St (Allan Gardens),2024-06-13 17:00:00,0,3,3,Overflow Risk,3,Remove bikes from station,4.1588830833596715,Medium
Queens Quay W / Lower Simcoe St,2022-05-15 00:00:00,3,0,-3,Shortage Risk,3,Deliver bikes to station,4.1588830833596715,Medium
Sherbourne St / Isabella St,2024-05-02 21:00:00,0,3,3,Overflow Risk,3,Remove bikes from station,4.1588830833596715,Medium
St. George St / Hoskin Ave,2022-10-24 15:00:00,3,0,-3,Shortage Risk,3,Deliver bikes to station,4.1588830833596715,Medium
Simcoe St / Queen St W,2024-05-02 09:00:00,0,3,3,Overflow Risk,3,Remove bikes from station,4.1588830833596715,Medium
Simcoe St / Queen St W,2024-04-09 15:00:00,0,3,3,Overflow Risk,3,Remove bikes from station,4.1588830833596715,Medium
Queens Quay W / Lower Simcoe St,2022-07-16 23:00:00,3,0,-3,Shortage Risk,3,Deliver bikes to station,4.1588830833596715,Medium
Queens Quay W / Lower Simcoe St,2022-07-30 16:00:00,3,0,-3,Shortage Risk,3,Deliver bikes to station,4.1588830833596715,Medium
Bay St / College St (East Side),2022-12-08 08:00:00,0,3,3,Overflow Risk,3,Remove bikes from station,4.1588830833596715,Low
Queens Quay W / Lower Simcoe St,2022-09-01 19:00:00,0,3,3,Overflow Risk,3,Remove bikes from station,4.1588830833596715,Medium
Queens Quay W / Lower Simcoe St,2024-05-18 17:00:00,3,0,-3,Shortage Risk,3,Deliver bikes to station,4.1588830833596715,Medium
Simcoe St / Queen St W,2024-02-20 19:00:00,0,3,3,Overflow Risk,3,Remove bikes from station,4.1588830833596715,Medium
Strachan Ave / East Liberty St - SMART,2024-05-18 15:00:00,0,3,3,Overflow Risk,3,Remove bikes from station,4.1588830833596715,Medium
Simcoe St / Queen St W,2022-10-30 15:00:00,3,0,-3,Shortage Risk,3,Deliver bikes to station,4.1588830833596715,Medium
Simcoe St / Queen St W,2024-02-13 17:00:00,3,0,-3,Shortage Risk,3,Deliver bikes to station,4.1588830833596715,Medium
Simcoe St / Queen St W,2024-02-08 09:00:00,0,3,3,Overflow Risk,3,Remove bikes from station,4.1588830833596715,Medium
Simcoe St / Queen St W,2024-01-25 15:00:00,0,3,3,Overflow Risk,3,Remove bikes from station,4.1588830833596715,Medium
Bay St / College St (East Side),2024-03-01 18:00:00,0,3,3,Overflow Risk,3,Remove bikes from station,4.1588830833596715,Low
Sherbourne St / Isabella St,2022-07-12 17:00:00,0,3,3,Overflow Risk,3,Remove bikes from station,4.1588830833596715,Medium
Riverdale Park North (Broadview Ave),2024-06-11 21:00:00,3,0,-3,Shortage Risk,3,Deliver bikes to station,4.1588830833596715,Medium
St. George St / Bloor St W,2024-03-27 18:00:00,3,0,-3,Shortage Risk,3,Deliver bikes to station,4.1588830833596715,Medium
St. George St / Bloor St W,2024-04-05 16:00:00,3,0,-3,Shortage Risk,3,Deliver bikes to station,4.1588830833596715,Medium
St. George St / Bloor St W,2024-05-05 17:00:00,0,3,3,Overflow Risk,3,Remove bikes from station,4.1588830833596715,Medium
St. George St / Bloor St W,2024-05-18 17:00:00,3,0,-3,Shortage Risk,3,Deliver bikes to station,4.1588830833596715,Medium
Robert St / Bloor St W - SMART,2022-10-20 17:00:00,0,3,3,Overflow Risk,3,Remove bikes from station,4.1588830833596715,Medium
Richmond St W / York St,2024-06-12 07:00:00,0,3,3,Overflow Risk,3,Remove bikes from station,4.1588830833596715,Medium
St. George St / Bloor St W,2024-05-27 19:00:00,3,0,-3,Shortage Risk,3,Deliver bikes to station,4.1588830833596715,Medium
Robert St / Bloor St W - SMART,2024-05-21 17:00:00,0,3,3,Overflow Risk,3,Remove bikes from station,4.1588830833596715,Medium
Richmond St W / York St,2024-05-04 13:00:00,3,0,-3,Shortage Risk,3,Deliver bikes to station,4.1588830833596715,Medium
Richmond St W / York St,2024-05-01 17:00:00,3,0,-3,Shortage Risk,3,Deliver bikes to station,4.1588830833596715,Medium
Richmond St W / York St,2024-03-21 17:00:00,3,0,-3,Shortage Risk,3,Deliver bikes to station,4.1588830833596715,Medium
St. George St / Bloor St W,2024-06-04 16:00:00,3,0,-3,Shortage Risk,3,Deliver bikes to station,4.1588830833596715,Medium
Shaw St / King St W,2024-04-10 17:00:00,0,3,3,Overflow Risk,3,Remove bikes from station,4.1588830833596715,Medium
St. George St / Bloor St W,2024-06-12 13:00:00,3,0,-3,Shortage Risk,3,Deliver bikes to station,4.1588830833596715,Medium
Simcoe St / King St W,2024-02-06 17:00:00,0,3,3,Overflow Risk,3,Remove bikes from station,4.1588830833596715,Medium
Simcoe St / Dundas St W,2024-03-11 16:00:00,3,0,-3,Shortage Risk,3,Deliver bikes to station,4.1588830833596715,Medium
St. George St / Bloor St W,2024-06-13 17:00:00,3,0,-3,Shortage Risk,3,Deliver bikes to station,4.1588830833596715,Medium
Simcoe St / Adelaide St W,2022-08-03 08:00:00,0,3,3,Overflow Risk,3,Remove bikes from station,4.1588830833596715,Medium
St. George St / Hoskin Ave,2022-08-16 09:00:00,3,0,-3,Shortage Risk,3,Deliver bikes to station,4.1588830833596715,Medium
Rusholme Park Cres / College St,2022-06-07 17:00:00,0,3,3,Overflow Risk,3,Remove bikes from station,4.1588830833596715,Medium
Simcoe St / Adelaide St W,2022-07-12 19:00:00,0,3,3,Overflow Risk,3,Remove bikes from station,4.1588830833596715,Medium
Shuter St/River St,2024-06-01 11:00:00,3,0,-3,Shortage Risk,3,Deliver bikes to station,4.1588830833596715,Medium
Sherbourne St / Wellesley St E,2024-06-07 18:00:00,3,0,-3,Shortage Risk,3,Deliver bikes to station,4.1588830833596715,Medium
Sherbourne St / Wellesley St E,2024-05-30 16:00:00,0,3,3,Overflow Risk,3,Remove bikes from station,4.1588830833596715,Medium
Sherbourne St / Wellesley St E,2024-05-28 16:00:00,3,0,-3,Shortage Risk,3,Deliver bikes to station,4.1588830833596715,Medium
Sherbourne St / Wellesley St E,2024-05-10 12:00:00,0,3,3,Overflow Risk,3,Remove bikes from station,4.1588830833596715,Medium
St. George St / Bloor St W,2024-06-08 17:00:00,0,3,3,Overflow Risk,3,Remove bikes from station,4.1588830833596715,Medium
Bathurst St/Queens Quay(Billy Bishop Airport),2024-05-18 19:00:00,3,0,-3,Shortage Risk,3,Deliver bikes to station,4.1588830833596715,Low
Spadina Ave / Adelaide St W,2025-12-04 09:00:00,0,3,3,Overflow Risk,3,Remove bikes from station,4.1588830833596715,Medium
Bathurst St/Queens Quay(Billy Bishop Airport),2024-05-19 15:00:00,3,0,-3,Shortage Risk,3,Deliver bikes to station,4.1588830833596715,Low
Bathurst St/Queens Quay(Billy Bishop Airport),2024-05-29 08:00:00,3,0,-3,Shortage Risk,3,Deliver bikes to station,4.1588830833596715,Low
Spadina Ave / Adelaide St W,2024-06-11 18:00:00,0,3,3,Overflow Risk,3,Remove bikes from station,4.1588830833596715,Medium
Spadina Ave / Adelaide St W,2024-04-26 18:00:00,3,0,-3,Shortage Risk,3,Deliver bikes to station,4.1588830833596715,Medium
Bay St / Albert St,2024-04-02 08:00:00,0,3,3,Overflow Risk,3,Remove bikes from station,4.1588830833596715,Low
Spadina Ave / Adelaide St W,2024-04-09 17:00:00,3,0,-3,Shortage Risk,3,Deliver bikes to station,4.1588830833596715,Medium
Spadina Ave / Adelaide St W,2024-02-28 15:00:00,3,0,-3,Shortage Risk,3,Deliver bikes to station,4.1588830833596715,Medium
Spadina Ave / Adelaide St W,2024-02-21 19:00:00,3,0,-3,Shortage Risk,3,Deliver bikes to station,4.1588830833596715,Medium
St. George St / Hoskin Ave,2024-02-01 19:00:00,3,0,-3,Shortage Risk,3,Deliver bikes to station,4.1588830833596715,Medium
Spadina Ave / Adelaide St W,2024-01-30 17:00:00,3,0,-3,Shortage Risk,3,Deliver bikes to station,4.1588830833596715,Medium
Spadina Ave / Adelaide St W,2022-07-14 17:00:00,3,0,-3,Shortage Risk,3,Deliver bikes to station,4.1588830833596715,Medium
Sorauren Ave / Geoffrey St - SMART,2024-05-20 17:00:00,3,0,-3,Shortage Risk,3,Deliver bikes to station,4.1588830833596715,Medium
St. George St / Hoskin Ave,2024-02-22 19:00:00,0,3,3,Overflow Risk,3,Remove bikes from station,4.1588830833596715,Medium
Strachan Ave / East Liberty St - SMART,2024-05-16 15:00:00,0,3,3,Overflow Risk,3,Remove bikes from station,4.1588830833596715,Medium
St. George St / Hoskin Ave,2024-04-15 19:00:00,3,0,-3,Shortage Risk,3,Deliver bikes to station,4.1588830833596715,Medium
Spadina Ave / Fort York Blvd,2024-06-13 08:00:00,3,0,-3,Shortage Risk,3,Deliver bikes to station,4.1588830833596715,Medium
Spadina Ave / Harbord St - SMART,2024-02-01 08:00:00,3,0,-3,Shortage Risk,3,Deliver bikes to station,4.1588830833596715,Medium
St. George St / Bloor St W,2022-08-05 14:00:00,0,3,3,Overflow Risk,3,Remove bikes from station,4.1588830833596715,Medium
St. George St / Bloor St W,2022-04-20 08:00:00,0,3,3,Overflow Risk,3,Remove bikes from station,4.1588830833596715,Medium
St. Andrew's Playground Park,2024-06-11 17:00:00,0,3,3,Overflow Risk,3,Remove bikes from station,4.1588830833596715,Medium
Spadina Ave / Willcocks St,2024-05-29 18:00:00,3,0,-3,Shortage Risk,3,Deliver bikes to station,4.1588830833596715,Medium
Spadina Ave / Willcocks St,2024-05-17 13:00:00,0,3,3,Overflow Risk,3,Remove bikes from station,4.1588830833596715,Medium
Spadina Ave / Harbord St - SMART,2024-02-05 21:00:00,3,0,-3,Shortage Risk,3,Deliver bikes to station,4.1588830833596715,Medium
Spadina Ave / Willcocks St,2022-05-29 17:00:00,0,3,3,Overflow Risk,3,Remove bikes from station,4.1588830833596715,Medium
Spadina Ave / Sullivan St,2024-06-01 12:00:00,0,3,3,Overflow Risk,3,Remove bikes from station,4.1588830833596715,Medium
Spadina Ave / Sullivan St,2024-04-15 19:00:00,3,0,-3,Shortage Risk,3,Deliver bikes to station,4.1588830833596715,Medium
Spadina Ave / Harbord St - SMART,2024-05-30 10:00:00,3,0,-3,Shortage Risk,3,Deliver bikes to station,4.1588830833596715,Medium
Spadina Ave / Sullivan St,2024-03-29 16:00:00,3,0,-3,Shortage Risk,3,Deliver bikes to station,4.1588830833596715,Medium
Spadina Ave / Harbord St - SMART,2024-05-30 18:00:00,0,3,3,Overflow Risk,3,Remove bikes from station,4.1588830833596715,Medium
St. George St / Hoskin Ave,2024-04-06 16:00:00,3,0,-3,Shortage Risk,3,Deliver bikes to station,4.1588830833596715,Medium
Simcoe St / Queen St W,2022-08-09 08:00:00,0,3,3,Overflow Risk,3,Remove bikes from station,4.1588830833596715,Medium
Simcoe St / Queen St W,2022-07-19 08:00:00,0,3,3,Overflow Risk,3,Remove bikes from station,4.1588830833596715,Medium
Simcoe St / Queen St W,2022-05-22 20:00:00,0,3,3,Overflow Risk,3,Remove bikes from station,4.1588830833596715,Medium
Simcoe St / Michael Sweet Ave,2024-03-12 17:00:00,3,0,-3,Shortage Risk,3,Deliver bikes to station,4.1588830833596715,Medium
Simcoe St / King St W,2025-12-12 08:00:00,0,3,3,Overflow Risk,3,Remove bikes from station,4.1588830833596715,Medium
Simcoe St / King St W,2024-06-11 18:00:00,0,3,3,Overflow Risk,3,Remove bikes from station,4.1588830833596715,Medium
Simcoe St / King St W,2024-05-13 17:00:00,3,0,-3,Shortage Risk,3,Deliver bikes to station,4.1588830833596715,Medium
Soho St / Queen St W,2024-06-12 20:00:00,3,0,-3,Shortage Risk,3,Deliver bikes to station,4.1588830833596715,Medium
Soho St / Queen St W,2024-05-30 11:00:00,3,0,-3,Shortage Risk,3,Deliver bikes to station,4.1588830833596715,Medium
Soho St / Queen St W,2024-05-22 17:00:00,0,3,3,Overflow Risk,3,Remove bikes from station,4.1588830833596715,Medium
Soho St / Queen St W,2024-05-02 17:00:00,3,0,-3,Shortage Risk,3,Deliver bikes to station,4.1588830833596715,Medium
Soho St / Queen St W,2024-04-18 18:00:00,3,0,-3,Shortage Risk,3,Deliver bikes to station,4.1588830833596715,Medium
Bay St / College St (East Side),2024-03-03 09:00:00,3,0,-3,Shortage Risk,3,Deliver bikes to station,4.1588830833596715,Low
Soho St / Queen St W,2022-10-16 16:00:00,0,3,3,Overflow Risk,3,Remove bikes from station,4.1588830833596715,Medium
Bay St / College St (East Side),2024-03-15 17:00:00,3,0,-3,Shortage Risk,3,Deliver bikes to station,4.1588830833596715,Low
Spadina Ave / Blue Jays Way,2024-05-23 08:00:00,3,0,-3,Shortage Risk,3,Deliver bikes to station,4.1588830833596715,Medium
Spadina Ave / Bulwer St- SMART,2024-05-31 20:00:00,0,3,3,Overflow Risk,3,Remove bikes from station,4.1588830833596715,Medium
Spadina Ave / Fort York Blvd,2022-08-03 17:00:00,0,3,3,Overflow Risk,3,Remove bikes from station,4.1588830833596715,Medium
Spadina Ave / Fort York Blvd,2022-09-14 17:00:00,0,3,3,Overflow Risk,3,Remove bikes from station,4.1588830833596715,Medium
Spadina Ave / Fort York Blvd,2024-05-24 12:00:00,3,0,-3,Shortage Risk,3,Deliver bikes to station,4.1588830833596715,Medium
Bathurst St/Queens Quay(Billy Bishop Airport),2024-05-13 19:00:00,0,3,3,Overflow Risk,3,Remove bikes from station,4.1588830833596715,Low
Spadina Ave / Fort York Blvd,2024-05-26 14:00:00,3,0,-3,Shortage Risk,3,Deliver bikes to station,4.1588830833596715,Medium
Bathurst St/Queens Quay(Billy Bishop Airport),2024-04-28 10:00:00,3,0,-3,Shortage Risk,3,Deliver bikes to station,4.1588830833596715,Low
Soho St / Queen St W,2022-07-16 15:00:00,0,3,3,Overflow Risk,3,Remove bikes from station,4.1588830833596715,Medium
Simcoe St / Wellington St W South,2024-04-24 08:00:00,0,3,3,Overflow Risk,3,Remove bikes from station,4.1588830833596715,Medium
Bathurst St/Queens Quay(Billy Bishop Airport),2022-07-19 17:00:00,3,0,-3,Shortage Risk,3,Deliver bikes to station,4.1588830833596715,Low
Bathurst St/Queens Quay(Billy Bishop Airport),2022-06-05 18:00:00,3,0,-3,Shortage Risk,3,Deliver bikes to station,4.1588830833596715,Low
Simcoe St / Wellington St W South,2024-05-29 17:00:00,3,0,-3,Shortage Risk,3,Deliver bikes to station,4.1588830833596715,Medium
Bathurst St / Front St W,2024-06-10 20:00:00,0,3,3,Overflow Risk,3,Remove bikes from station,4.1588830833596715,Low
Bathurst St / Front St W,2024-06-04 19:00:00,0,3,3,Overflow Risk,3,Remove bikes from station,4.1588830833596715,Low
Soho St / Queen St W,2022-06-15 18:00:00,3,0,-3,Shortage Risk,3,Deliver bikes to station,4.1588830833596715,Medium
Soho St / Queen St W,2022-07-15 08:00:00,0,3,3,Overflow Risk,3,Remove bikes from station,4.1588830833596715,Medium
Simcoe St / Queen St W,2024-05-19 23:00:00,3,0,-3,Shortage Risk,3,Deliver bikes to station,4.1588830833596715,Medium
Ontario St / Adelaide St E -SMART,2024-05-14 09:00:00,3,0,-3,Shortage Risk,3,Deliver bikes to station,4.1588830833596715,Medium
Ontario St / Adelaide St E -SMART,2024-05-22 08:00:00,3,0,-3,Shortage Risk,3,Deliver bikes to station,4.1588830833596715,Medium
Ossington Ave / Bruce St,2024-05-13 09:00:00,0,3,3,Overflow Risk,3,Remove bikes from station,4.1588830833596715,Medium
Ossington Ave / College St,2024-04-13 17:00:00,0,3,3,Overflow Risk,3,Remove bikes from station,4.1588830833596715,Medium
Bay St / Queens Quay W (Ferry Terminal),2022-07-28 17:00:00,0,3,3,Overflow Risk,3,Remove bikes from station,4.1588830833596715,Low
Bay St / Queens Quay W (Ferry Terminal),2022-07-29 16:00:00,0,3,3,Overflow Risk,3,Remove bikes from station,4.1588830833596715,Low
Bay St / Queens Quay W (Ferry Terminal),2022-08-03 16:00:00,3,0,-3,Shortage Risk,3,Deliver bikes to station,4.1588830833596715,Low
Bay St / Queens Quay W (Ferry Terminal),2022-08-14 19:00:00,3,0,-3,Shortage Risk,3,Deliver bikes to station,4.1588830833596715,Low
Bay St / College St (East Side),2024-05-10 16:00:00,3,0,-3,Shortage Risk,3,Deliver bikes to station,4.1588830833596715,Low
Bay St / College St (East Side),2022-05-17 12:00:00,3,0,-3,Shortage Risk,3,Deliver bikes to station,4.1588830833596715,Low
Bay St / College St (East Side),2024-05-28 15:00:00,3,0,-3,Shortage Risk,3,Deliver bikes to station,4.1588830833596715,Low
Bay St / College St (East Side),2024-06-07 18:00:00,3,0,-3,Shortage Risk,3,Deliver bikes to station,4.1588830833596715,Low
Bay St / College St (East Side),2024-06-10 09:00:00,3,0,-3,Shortage Risk,3,Deliver bikes to station,4.1588830833596715,Low
Ossington Ave / Harrison St,2024-05-04 16:00:00,0,3,3,Overflow Risk,3,Remove bikes from station,4.1588830833596715,Medium
Palmerston Ave / Dundas St W,2024-05-02 17:00:00,0,3,3,Overflow Risk,3,Remove bikes from station,4.1588830833596715,Medium
Palmerston Ave / Dundas St W,2024-05-07 13:00:00,0,3,3,Overflow Risk,3,Remove bikes from station,4.1588830833596715,Medium
Northern Dancer Blvd / Lake Shore Blvd E,2025-08-10 17:00:00,0,3,3,Overflow Risk,3,Remove bikes from station,4.1588830833596715,Medium
Oak St / Sumach St,2022-07-26 20:00:00,3,0,-3,Shortage Risk,3,Deliver bikes to station,4.1588830833596715,Medium
Ontario Place Blvd / Lake Shore Blvd W,2024-05-25 19:00:00,0,3,3,Overflow Risk,3,Remove bikes from station,4.1588830833596715,Medium
Bay St / College St (East Side),2024-05-26 18:00:00,0,3,3,Overflow Risk,3,Remove bikes from station,4.1588830833596715,Low
Queen St E / Rushbrooke Ave,2022-09-10 20:00:00,3,0,-3,Shortage Risk,3,Deliver bikes to station,4.1588830833596715,Medium
Queen St W / John St,2022-07-10 17:00:00,0,3,3,Overflow Risk,3,Remove bikes from station,4.1588830833596715,Medium
Queen St W / John St,2022-07-27 17:00:00,0,3,3,Overflow Risk,3,Remove bikes from station,4.1588830833596715,Medium
Queen St W / John St,2022-08-19 16:00:00,3,0,-3,Shortage Risk,3,Deliver bikes to station,4.1588830833596715,Medium
Palmerston Ave / Dundas St W,2024-05-14 18:00:00,3,0,-3,Shortage Risk,3,Deliver bikes to station,4.1588830833596715,Medium
Parliament St / Aberdeen Ave,2024-04-24 18:00:00,3,0,-3,Shortage Risk,3,Deliver bikes to station,4.1588830833596715,Medium
Phoebe St / Spadina Ave,2022-06-28 18:00:00,0,3,3,Overflow Risk,3,Remove bikes from station,4.1588830833596715,Medium
Phoebe St / Spadina Ave,2022-12-16 17:00:00,3,0,-3,Shortage Risk,3,Deliver bikes to station,4.1588830833596715,Medium
Phoebe St / Spadina Ave,2024-05-22 17:00:00,0,3,3,Overflow Risk,3,Remove bikes from station,4.1588830833596715,Medium
Ontario Place Blvd / Lake Shore Blvd W (East),2022-09-19 15:00:00,3,0,-3,Shortage Risk,3,Deliver bikes to station,4.1588830833596715,Medium
Polson Pier,2022-08-04 21:00:00,3,0,-3,Shortage Risk,3,Deliver bikes to station,4.1588830833596715,Medium
Polson Pier,2022-08-24 20:00:00,0,3,3,Overflow Risk,3,Remove bikes from station,4.1588830833596715,Medium
Polson Pier,2024-05-07 20:00:00,3,0,-3,Shortage Risk,3,Deliver bikes to station,4.1588830833596715,Medium
Polson Pier,2024-05-15 18:00:00,0,3,3,Overflow Risk,3,Remove bikes from station,4.1588830833596715,Medium
Polson Pier,2024-05-20 19:00:00,3,0,-3,Shortage Risk,3,Deliver bikes to station,4.1588830833596715,Medium
Polson Pier,2024-05-22 18:00:00,0,3,3,Overflow Risk,3,Remove bikes from station,4.1588830833596715,Medium
Polson Pier,2024-06-04 18:00:00,0,3,3,Overflow Risk,3,Remove bikes from station,4.1588830833596715,Medium
Polson Pier,2024-06-05 20:00:00,3,0,-3,Shortage Risk,3,Deliver bikes to station,4.1588830833596715,Medium
Ontario Place Blvd / Lake Shore Blvd W (East),2022-08-12 19:00:00,0,3,3,Overflow Risk,3,Remove bikes from station,4.1588830833596715,Medium
Ontario Place Blvd / Lake Shore Blvd W (East),2022-09-03 19:00:00,0,3,3,Overflow Risk,3,Remove bikes from station,4.1588830833596715,Medium
Polson Pier,2022-07-13 21:00:00,3,0,-3,Shortage Risk,3,Deliver bikes to station,4.1588830833596715,Medium
Northern Dancer Blvd / Lake Shore Blvd E,2024-05-20 22:00:00,3,0,-3,Shortage Risk,3,Deliver bikes to station,4.1588830833596715,Medium
Mill St / Parliament St,2024-05-30 19:00:00,3,0,-3,Shortage Risk,3,Deliver bikes to station,4.1588830833596715,Medium
Mill St / Parliament St,2024-05-31 17:00:00,3,0,-3,Shortage Risk,3,Deliver bikes to station,4.1588830833596715,Medium
Mutual St / Shuter St,2024-05-23 08:00:00,3,0,-3,Shortage Risk,3,Deliver bikes to station,4.1588830833596715,Medium
Mutual St / Shuter St,2024-05-30 19:00:00,0,3,3,Overflow Risk,3,Remove bikes from station,4.1588830833596715,Medium
Navy Wharf Crt / Bremner Blvd,2024-05-16 17:00:00,3,0,-3,Shortage Risk,3,Deliver bikes to station,4.1588830833596715,Medium
Navy Wharf Crt / Bremner Blvd,2024-05-23 12:00:00,0,3,3,Overflow Risk,3,Remove bikes from station,4.1588830833596715,Medium
Nelson St / Duncan St,2022-06-22 19:00:00,0,3,3,Overflow Risk,3,Remove bikes from station,4.1588830833596715,Medium
Nelson St / Duncan St,2022-09-16 16:00:00,0,3,3,Overflow Risk,3,Remove bikes from station,4.1588830833596715,Medium
Ontario Place Blvd / Lake Shore Blvd W,2024-05-25 23:00:00,3,0,-3,Shortage Risk,3,Deliver bikes to station,4.1588830833596715,Medium
Nelson St / Duncan St,2024-06-01 11:00:00,0,3,3,Overflow Risk,3,Remove bikes from station,4.1588830833596715,Medium
Nelson St / Duncan St,2024-06-06 09:00:00,0,3,3,Overflow Risk,3,Remove bikes from station,4.1588830833596715,Medium
Niagara St / King St W - SMART,2024-05-07 21:00:00,3,0,-3,Shortage Risk,3,Deliver bikes to station,4.1588830833596715,Medium
Niagara St / Portland St,2024-02-04 14:00:00,3,0,-3,Shortage Risk,3,Deliver bikes to station,4.1588830833596715,Medium
Niagara St / Richmond St W,2024-04-26 17:00:00,0,3,3,Overflow Risk,3,Remove bikes from station,4.1588830833596715,Medium
Martin Goodman Trail (Marilyn Bell Park),2022-05-23 17:00:00,3,0,-3,Shortage Risk,3,Deliver bikes to station,4.1588830833596715,Medium
Martin Goodman Trail (Marilyn Bell Park),2022-07-17 23:00:00,3,0,-3,Shortage Risk,3,Deliver bikes to station,4.1588830833596715,Medium
Martin Goodman Trail (Marilyn Bell Park),2024-05-24 16:00:00,0,3,3,Overflow Risk,3,Remove bikes from station,4.1588830833596715,Medium
Martin Goodman Trail / Ontario Dr,2022-05-15 16:00:00,0,3,3,Overflow Risk,3,Remove bikes from station,4.1588830833596715,Medium
Martin Goodman Trail / Ontario Dr,2022-06-23 22:00:00,3,0,-3,Shortage Risk,3,Deliver bikes to station,4.1588830833596715,Medium
Nelson St / Duncan St,2024-05-30 18:00:00,3,0,-3,Shortage Risk,3,Deliver bikes to station,4.1588830833596715,Medium
Ontario Place Blvd / Lake Shore Blvd W,2025-07-08 22:00:00,3,0,-3,Shortage Risk,3,Deliver bikes to station,4.1588830833596715,Medium
Ontario Place Blvd / Lake Shore Blvd W (East),2022-04-12 17:00:00,0,3,3,Overflow Risk,3,Remove bikes from station,4.1588830833596715,Medium
Ontario Place Blvd / Lake Shore Blvd W (East),2022-05-11 19:00:00,3,0,-3,Shortage Risk,3,Deliver bikes to station,4.1588830833596715,Medium
Ontario Place Blvd / Lake Shore Blvd W (East),2022-05-14 18:00:00,3,0,-3,Shortage Risk,3,Deliver bikes to station,4.1588830833596715,Medium
Ontario Place Blvd / Lake Shore Blvd W (East),2022-06-04 15:00:00,0,3,3,Overflow Risk,3,Remove bikes from station,4.1588830833596715,Medium
Ontario Place Blvd / Lake Shore Blvd W (East),2022-06-11 17:00:00,0,3,3,Overflow Risk,3,Remove bikes from station,4.1588830833596715,Medium
Ontario Place Blvd / Lake Shore Blvd W (East),2022-06-11 18:00:00,3,0,-3,Shortage Risk,3,Deliver bikes to station,4.1588830833596715,Medium
Ontario Place Blvd / Lake Shore Blvd W (East),2022-06-19 12:00:00,0,3,3,Overflow Risk,3,Remove bikes from station,4.1588830833596715,Medium
Ontario Place Blvd / Lake Shore Blvd W (East),2022-08-01 15:00:00,0,3,3,Overflow Risk,3,Remove bikes from station,4.1588830833596715,Medium
Northern Dancer Blvd / Lake Shore Blvd E,2024-05-20 15:00:00,3,0,-3,Shortage Risk,3,Deliver bikes to station,4.1588830833596715,Medium
Niagara St / Richmond St W,2024-05-31 17:00:00,0,3,3,Overflow Risk,3,Remove bikes from station,4.1588830833596715,Medium
Niagara St / Richmond St W,2024-06-05 18:00:00,0,3,3,Overflow Risk,3,Remove bikes from station,4.1588830833596715,Medium
Niagara St / Richmond St W,2024-06-08 13:00:00,0,3,3,Overflow Risk,3,Remove bikes from station,4.1588830833596715,Medium
Niagara St / Tecumseth St,2024-05-03 12:00:00,3,0,-3,Shortage Risk,3,Deliver bikes to station,4.1588830833596715,Medium
Niagara St / Tecumseth St,2024-05-18 16:00:00,0,3,3,Overflow Risk,3,Remove bikes from station,4.1588830833596715,Medium
Northern Dancer Blvd / Lake Shore Blvd E,2022-05-23 15:00:00,0,3,3,Overflow Risk,3,Remove bikes from station,4.1588830833596715,Medium
Northern Dancer Blvd / Lake Shore Blvd E,2022-06-23 18:00:00,0,3,3,Overflow Risk,3,Remove bikes from station,4.1588830833596715,Medium
Northern Dancer Blvd / Lake Shore Blvd E,2022-07-01 19:00:00,0,3,3,Overflow Risk,3,Remove bikes from station,4.1588830833596715,Medium
Northern Dancer Blvd / Lake Shore Blvd E,2022-08-01 15:00:00,0,3,3,Overflow Risk,3,Remove bikes from station,4.1588830833596715,Medium
Northern Dancer Blvd / Lake Shore Blvd E,2024-05-20 13:00:00,0,3,3,Overflow Risk,3,Remove bikes from station,4.1588830833596715,Medium
Niagara St / Richmond St W,2024-05-15 08:00:00,3,0,-3,Shortage Risk,3,Deliver bikes to station,4.1588830833596715,Medium
Bay St / Bloor St W (East Side),2024-03-05 14:00:00,0,3,3,Overflow Risk,3,Remove bikes from station,4.1588830833596715,Low
Bay St / Bloor St W (East Side),2024-05-07 17:00:00,3,0,-3,Shortage Risk,3,Deliver bikes to station,4.1588830833596715,Low
Bay St / Bloor St W (East Side),2024-06-11 18:00:00,0,3,3,Overflow Risk,3,Remove bikes from station,4.1588830833596715,Low
Bay St / Charles St W - SMART,2024-06-07 17:00:00,0,3,3,Overflow Risk,3,Remove bikes from station,4.1588830833596715,Low
Strachan Ave / East Liberty St - SMART,2024-05-16 08:00:00,3,0,-3,Shortage Risk,3,Deliver bikes to station,4.1588830833596715,Medium
Bay St / College St (East Side),2022-08-03 11:00:00,3,0,-3,Shortage Risk,3,Deliver bikes to station,4.1588830833596715,Low
Bay St / College St (East Side),2022-08-05 12:00:00,0,3,3,Overflow Risk,3,Remove bikes from station,4.1588830833596715,Low
Bay St / College St (East Side),2022-08-20 22:00:00,0,3,3,Overflow Risk,3,Remove bikes from station,4.1588830833596715,Low
Bay St / College St (East Side),2022-10-03 16:00:00,0,3,3,Overflow Risk,3,Remove bikes from station,4.1588830833596715,Low
Queen St E / George St (Moss Park),2022-10-07 19:00:00,0,3,3,Overflow Risk,3,Remove bikes from station,4.1588830833596715,Medium
Bay St / College St (East Side),2022-12-06 17:00:00,3,0,-3,Shortage Risk,3,Deliver bikes to station,4.1588830833596715,Low
Queens Quay E / Lower Sherbourne St,2024-05-31 18:00:00,3,0,-3,Shortage Risk,3,Deliver bikes to station,4.1588830833596715,Medium
Queens Quay E / Merchants' Wharf,2024-05-06 19:00:00,0,3,3,Overflow Risk,3,Remove bikes from station,4.1588830833596715,Medium
Queens Quay W / Dan Leckie Way,2022-05-14 19:00:00,0,3,3,Overflow Risk,3,Remove bikes from station,4.1588830833596715,Medium
Queens Quay W / Lower Simcoe St,2022-05-07 19:00:00,3,0,-3,Shortage Risk,3,Deliver bikes to station,4.1588830833596715,Medium
Queens Quay / Yonge St,2024-05-05 11:00:00,0,3,3,Overflow Risk,3,Remove bikes from station,4.1588830833596715,Medium
Queens Quay / Yonge St,2024-05-06 20:00:00,0,3,3,Overflow Risk,3,Remove bikes from station,4.1588830833596715,Medium
Queens Quay / Yonge St,2024-05-09 08:00:00,0,3,3,Overflow Risk,3,Remove bikes from station,4.1588830833596715,Medium
Queens Quay / Yonge St,2024-05-18 16:00:00,3,0,-3,Shortage Risk,3,Deliver bikes to station,4.1588830833596715,Medium
Bay St / College St (East Side),2022-10-25 12:00:00,3,0,-3,Shortage Risk,3,Deliver bikes to station,4.1588830833596715,Low
Queens Quay W / Lower Simcoe St,2024-06-01 17:00:00,3,0,-3,Shortage Risk,3,Deliver bikes to station,4.1588830833596715,Medium
Queens Quay W / Lower Simcoe St,2024-06-11 19:00:00,0,3,3,Overflow Risk,3,Remove bikes from station,4.1588830833596715,Medium
Queens Quay W / Lower Simcoe St,2025-07-27 18:00:00,3,0,-3,Shortage Risk,3,Deliver bikes to station,4.1588830833596715,Medium
Queens Quay W / Lower Simcoe St,2025-07-27 19:00:00,0,3,3,Overflow Risk,3,Remove bikes from station,4.1588830833596715,Medium
Richmond St E / Jarvis St Green P,2022-08-31 06:00:00,3,0,-3,Shortage Risk,3,Deliver bikes to station,4.1588830833596715,Medium
Richmond St E / Jarvis St Green P,2022-09-13 12:00:00,0,3,3,Overflow Risk,3,Remove bikes from station,4.1588830833596715,Medium
Richmond St E / Yonge St,2024-01-11 08:00:00,0,3,3,Overflow Risk,3,Remove bikes from station,4.1588830833596715,Medium
Richmond St E / Yonge St,2024-01-27 20:00:00,3,0,-3,Shortage Risk,3,Deliver bikes to station,4.1588830833596715,Medium
Richmond St E / Yonge St,2024-05-27 07:00:00,0,3,3,Overflow Risk,3,Remove bikes from station,4.1588830833596715,Medium
Bay St / College St (West Side) - SMART,2024-06-12 16:00:00,0,3,3,Overflow Risk,3,Remove bikes from station,4.1588830833596715,Low
Queens Quay E / Lower Jarvis St,2024-05-09 17:00:00,3,0,-3,Shortage Risk,3,Deliver bikes to station,4.1588830833596715,Medium
Queens Quay E / Lower Jarvis St,2024-05-12 13:00:00,0,3,3,Overflow Risk,3,Remove bikes from station,4.1588830833596715,Medium
Queens Quay E / Lower Jarvis St ,2025-08-30 13:00:00,3,0,-3,Shortage Risk,3,Deliver bikes to station,4.1588830833596715,Medium
Queens Quay E / Lower Jarvis St ,2025-08-30 14:00:00,0,3,3,Overflow Risk,3,Remove bikes from station,4.1588830833596715,Medium
Queens Quay E / Lower Sherbourne St,2022-08-17 17:00:00,3,0,-3,Shortage Risk,3,Deliver bikes to station,4.1588830833596715,Medium
Queens Quay E / Lower Sherbourne St,2022-09-05 15:00:00,0,3,3,Overflow Risk,3,Remove bikes from station,4.1588830833596715,Medium
Queens Quay E / Lower Sherbourne St,2022-10-25 17:00:00,3,0,-3,Shortage Risk,3,Deliver bikes to station,4.1588830833596715,Medium
Queens Quay E / Lower Sherbourne St,2024-05-02 18:00:00,0,3,3,Overflow Risk,3,Remove bikes from station,4.1588830833596715,Medium
Bay St / College St (East Side),2025-12-12 17:00:00,3,0,-3,Shortage Risk,3,Deliver bikes to station,4.1588830833596715,Low
Bay St / College St (East Side),2025-12-17 13:00:00,0,3,3,Overflow Risk,3,Remove bikes from station,4.1588830833596715,Low
Richmond St E / Yonge St,2024-05-31 18:00:00,0,3,3,Overflow Risk,3,Remove bikes from station,4.1588830833596715,Medium
Queen St W / John St,2022-09-13 09:00:00,0,3,3,Overflow Risk,3,Remove bikes from station,4.1588830833596715,Medium
Queen St W / John St,2024-04-27 19:00:00,0,3,3,Overflow Risk,3,Remove bikes from station,4.1588830833596715,Medium
Queen St W / John St,2024-05-24 17:00:00,0,3,3,Overflow Risk,3,Remove bikes from station,4.1588830833596715,Medium
Queen St W / John St,2024-05-25 17:00:00,3,0,-3,Shortage Risk,3,Deliver bikes to station,4.1588830833596715,Medium
Queen St W / John St,2024-06-07 18:00:00,0,3,3,Overflow Risk,3,Remove bikes from station,4.1588830833596715,Medium
Queen St W / John St,2024-06-11 16:00:00,3,0,-3,Shortage Risk,3,Deliver bikes to station,4.1588830833596715,Medium
Queen St W / John St,2024-06-12 15:00:00,3,0,-3,Shortage Risk,3,Deliver bikes to station,4.1588830833596715,Medium
Queen St W / Ossington Ave,2024-01-25 17:00:00,0,3,3,Overflow Risk,3,Remove bikes from station,4.1588830833596715,Medium
Queen St W / Ossington Ave,2024-06-08 02:00:00,3,0,-3,Shortage Risk,3,Deliver bikes to station,4.1588830833596715,Medium
Queens Quay / Yonge St,2024-05-20 16:00:00,0,3,3,Overflow Risk,3,Remove bikes from station,4.1588830833596715,Medium
Queen St W / Spadina Ave,2022-07-04 17:00:00,0,3,3,Overflow Risk,3,Remove bikes from station,4.1588830833596715,Medium
Queen St W / Spadina Ave,2024-05-04 15:00:00,0,3,3,Overflow Risk,3,Remove bikes from station,4.1588830833596715,Medium
Polson Pier,2024-06-06 20:00:00,3,0,-3,Shortage Risk,3,Deliver bikes to station,4.1588830833596715,Medium
Portland St / Queen St W,2024-06-05 17:00:00,0,3,3,Overflow Risk,3,Remove bikes from station,4.1588830833596715,Medium
Princes' Blvd / Nunavut Rd,2024-05-04 14:00:00,3,0,-3,Shortage Risk,3,Deliver bikes to station,4.1588830833596715,Medium
Princes' Gates,2025-08-17 17:00:00,3,0,-3,Shortage Risk,3,Deliver bikes to station,4.1588830833596715,Medium
Princes' Gates,2025-08-17 18:00:00,0,3,3,Overflow Risk,3,Remove bikes from station,4.1588830833596715,Medium
Princess St / Adelaide St E,2022-05-07 16:00:00,3,0,-3,Shortage Risk,3,Deliver bikes to station,4.1588830833596715,Medium
Princess St / Front St E,2024-06-11 17:00:00,0,3,3,Overflow Risk,3,Remove bikes from station,4.1588830833596715,Medium
Princess St / Front St E,2024-06-13 17:00:00,0,3,3,Overflow Risk,3,Remove bikes from station,4.1588830833596715,Medium
Queen St W / Portland St,2022-07-10 22:00:00,3,0,-3,Shortage Risk,3,Deliver bikes to station,4.1588830833596715,Medium
Queens Quay / Yonge St,2024-05-23 18:00:00,3,0,-3,Shortage Risk,3,Deliver bikes to station,4.1588830833596715,Medium
Queens Quay / Yonge St,2024-05-29 18:00:00,3,0,-3,Shortage Risk,3,Deliver bikes to station,4.1588830833596715,Medium
Queens Quay / Yonge St,2024-06-06 18:00:00,3,0,-3,Shortage Risk,3,Deliver bikes to station,4.1588830833596715,Medium
Queens Quay / Yonge St,2024-06-10 17:00:00,3,0,-3,Shortage Risk,3,Deliver bikes to station,4.1588830833596715,Medium
Queens Quay / Yonge St,2024-06-12 18:00:00,0,3,3,Overflow Risk,3,Remove bikes from station,4.1588830833596715,Medium
Queens Quay / Yonge St,2024-06-12 19:00:00,0,3,3,Overflow Risk,3,Remove bikes from station,4.1588830833596715,Medium
Queens Quay E / Lower Jarvis St,2024-03-13 18:00:00,0,3,3,Overflow Risk,3,Remove bikes from station,4.1588830833596715,Medium
Queens Quay E / Lower Jarvis St,2024-04-07 17:00:00,3,0,-3,Shortage Risk,3,Deliver bikes to station,4.1588830833596715,Medium
Queen St W / Spadina Ave,2024-06-12 15:00:00,3,0,-3,Shortage Risk,3,Deliver bikes to station,4.1588830833596715,Medium
Queen St W / John St,2022-09-09 15:00:00,0,3,3,Overflow Risk,3,Remove bikes from station,4.1588830833596715,Medium
Queen's Park / Bloor St W,2022-07-15 14:00:00,0,3,3,Overflow Risk,3,Remove bikes from station,4.1588830833596715,Medium
Queen's Park / Bloor St W,2024-02-11 12:00:00,3,0,-3,Shortage Risk,3,Deliver bikes to station,4.1588830833596715,Medium
Queen's Park / Bloor St W,2024-03-12 11:00:00,3,0,-3,Shortage Risk,3,Deliver bikes to station,4.1588830833596715,Medium
Queen's Park Cres W / Hoskin Ave,2024-04-09 17:00:00,3,0,-3,Shortage Risk,3,Deliver bikes to station,4.1588830833596715,Medium
Queens Park Cres / College St,2024-06-13 08:00:00,0,3,3,Overflow Risk,3,Remove bikes from station,4.1588830833596715,Medium
Queens Quay / Yonge St,2022-05-14 17:00:00,0,3,3,Overflow Risk,3,Remove bikes from station,4.1588830833596715,Medium
Queens Quay / Yonge St,2022-07-16 17:00:00,0,3,3,Overflow Risk,3,Remove bikes from station,4.1588830833596715,Medium
Queens Quay / Yonge St,2022-08-15 16:00:00,3,0,-3,Shortage Risk,3,Deliver bikes to station,4.1588830833596715,Medium
Queens Quay / Yonge St,2022-08-24 20:00:00,0,3,3,Overflow Risk,3,Remove bikes from station,4.1588830833596715,Medium
Queens Quay / Yonge St,2024-04-16 19:00:00,3,0,-3,Shortage Risk,3,Deliver bikes to station,4.1588830833596715,Medium
Queen St W / York St (City Hall),2022-08-01 19:00:00,3,0,-3,Shortage Risk,3,Deliver bikes to station,4.1588830833596715,Medium
Wellesley Station Green P,2022-08-19 19:00:00,3,0,-3,Shortage Risk,3,Deliver bikes to station,4.1588830833596715,High
Wellesley Station Green P,2024-03-27 15:00:00,0,3,3,Overflow Risk,3,Remove bikes from station,4.1588830833596715,High
Wellesley Station Green P,2024-06-11 17:00:00,3,0,-3,Shortage Risk,3,Deliver bikes to station,4.1588830833596715,High
Ward's Island Ferry Dock,2025-05-20 15:00:00,0,3,3,Overflow Risk,3,Remove bikes from station,4.1588830833596715,High
Ward's Island Ferry Dock,2025-06-07 19:00:00,3,0,-3,Shortage Risk,3,Deliver bikes to station,4.1588830833596715,High
Ward's Island Ferry Dock,2025-06-08 14:00:00,3,0,-3,Shortage Risk,3,Deliver bikes to station,4.1588830833596715,High
Ward's Island Ferry Dock,2025-06-14 20:00:00,0,3,3,Overflow Risk,3,Remove bikes from station,4.1588830833596715,High
Ward's Island Ferry Dock,2025-06-28 16:00:00,3,0,-3,Shortage Risk,3,Deliver bikes to station,4.1588830833596715,High
Ward's Island Ferry Dock,2025-07-01 18:00:00,0,3,3,Overflow Risk,3,Remove bikes from station,4.1588830833596715,High
Temperance St Station,2024-05-18 16:00:00,3,0,-3,Shortage Risk,3,Deliver bikes to station,4.1588830833596715,Medium
Baldwin St / Spadina Ave - SMART,2024-06-07 16:00:00,0,3,3,Overflow Risk,3,Remove bikes from station,4.1588830833596715,Low
Baldwin St / Spadina Ave - SMART,2025-12-22 17:00:00,0,3,3,Overflow Risk,3,Remove bikes from station,4.1588830833596715,Low
Bathurst St / Adelaide St W,2022-06-19 11:00:00,0,3,3,Overflow Risk,3,Remove bikes from station,4.1588830833596715,Low
Bathurst St / Adelaide St W,2024-02-04 13:00:00,3,0,-3,Shortage Risk,3,Deliver bikes to station,4.1588830833596715,Low
Adelaide St W / Bay St,2025-12-11 09:00:00,0,3,3,Overflow Risk,3,Remove bikes from station,4.1588830833596715,Low
Adelaide St W / Bay St (South),2025-06-05 16:00:00,3,0,-3,Shortage Risk,3,Deliver bikes to station,4.1588830833596715,Low
Adelaide St W / Bay St (South),2025-06-05 17:00:00,0,3,3,Overflow Risk,3,Remove bikes from station,4.1588830833596715,Low
Adelaide St W / Bay St - SMART,2022-06-03 09:00:00,0,3,3,Overflow Risk,3,Remove bikes from station,4.1588830833596715,Low
Adelaide St W / Bay St - SMART,2022-07-13 08:00:00,0,3,3,Overflow Risk,3,Remove bikes from station,4.1588830833596715,Low
Ward's Island Ferry Dock,2025-07-19 18:00:00,3,0,-3,Shortage Risk,3,Deliver bikes to station,4.1588830833596715,High
Wellington St W / Bay St,2022-06-14 08:00:00,0,3,3,Overflow Risk,3,Remove bikes from station,4.1588830833596715,High
Wellington St W / Bay St,2022-08-31 17:00:00,3,0,-3,Shortage Risk,3,Deliver bikes to station,4.1588830833596715,High
Wellington St W / Bay St,2024-02-29 08:00:00,0,3,3,Overflow Risk,3,Remove bikes from station,4.1588830833596715,High
Wellington St W / Bay St,2024-03-04 07:00:00,0,3,3,Overflow Risk,3,Remove bikes from station,4.1588830833596715,High
Wellington St W / Bay St,2024-03-08 09:00:00,0,3,3,Overflow Risk,3,Remove bikes from station,4.1588830833596715,High
Wellington St W / Bay St,2024-04-16 18:00:00,3,0,-3,Shortage Risk,3,Deliver bikes to station,4.1588830833596715,High
Wellington St W / Bay St,2024-04-16 19:00:00,3,0,-3,Shortage Risk,3,Deliver bikes to station,4.1588830833596715,High
Wellington St W / Bay St,2024-05-02 14:00:00,0,3,3,Overflow Risk,3,Remove bikes from station,4.1588830833596715,High
Wellington St W / Bay St,2024-05-08 09:00:00,0,3,3,Overflow Risk,3,Remove bikes from station,4.1588830833596715,High
Wellesley Station Green P,2022-08-07 00:00:00,0,3,3,Overflow Risk,3,Remove bikes from station,4.1588830833596715,High
Wellington St W / Bay St,2024-05-15 18:00:00,3,0,-3,Shortage Risk,3,Deliver bikes to station,4.1588830833596715,High
Wellington St W / Bay St,2024-05-21 17:00:00,3,0,-3,Shortage Risk,3,Deliver bikes to station,4.1588830833596715,High
Ward's Island Ferry Dock,2025-08-22 14:00:00,3,0,-3,Shortage Risk,3,Deliver bikes to station,4.1588830833596715,High
Ward's Island Ferry Dock,2025-08-22 15:00:00,0,3,3,Overflow Risk,3,Remove bikes from station,4.1588830833596715,High
Ward's Island Ferry Dock,2025-08-24 17:00:00,0,3,3,Overflow Risk,3,Remove bikes from station,4.1588830833596715,High
Ward's Island Ferry Dock,2025-08-27 17:00:00,0,3,3,Overflow Risk,3,Remove bikes from station,4.1588830833596715,High
Ward's Island Ferry Dock,2025-08-31 15:00:00,3,0,-3,Shortage Risk,3,Deliver bikes to station,4.1588830833596715,High
Wellesley St / Queen's Park Cres,2022-05-29 15:00:00,3,0,-3,Shortage Risk,3,Deliver bikes to station,4.1588830833596715,High
Wellesley St W / Queen's Park Cres,2024-05-02 22:00:00,3,0,-3,Shortage Risk,3,Deliver bikes to station,4.1588830833596715,High
Wellesley Station Green P,2022-07-13 12:00:00,0,3,3,Overflow Risk,3,Remove bikes from station,4.1588830833596715,High
Wellington St W / Bay St,2024-05-14 08:00:00,0,3,3,Overflow Risk,3,Remove bikes from station,4.1588830833596715,High
Walton St / Elizabeth St - SMART,2024-03-25 16:00:00,3,0,-3,Shortage Risk,3,Deliver bikes to station,4.1588830833596715,High
Ward's Island Ferry Dock,2025-05-20 14:00:00,3,0,-3,Shortage Risk,3,Deliver bikes to station,4.1588830833596715,High
University Ave / Gerrard St W (East Side),2024-06-06 14:00:00,3,0,-3,Shortage Risk,3,Deliver bikes to station,4.1588830833596715,High
University Ave / Gerrard St W (East Side),2024-06-10 17:00:00,3,0,-3,Shortage Risk,3,Deliver bikes to station,4.1588830833596715,High
University Ave / Gerrard St W (East Side),2024-06-12 17:00:00,3,0,-3,Shortage Risk,3,Deliver bikes to station,4.1588830833596715,High
University Ave / Gerrard St W (East Side),2024-06-13 17:00:00,3,0,-3,Shortage Risk,3,Deliver bikes to station,4.1588830833596715,High
University Ave / King St W - SMART,2024-04-16 08:00:00,0,3,3,Overflow Risk,3,Remove bikes from station,4.1588830833596715,High
University Ave / King St W - SMART,2024-05-24 17:00:00,3,0,-3,Shortage Risk,3,Deliver bikes to station,4.1588830833596715,High
University Ave / King St W - SMART,2024-06-05 17:00:00,3,0,-3,Shortage Risk,3,Deliver bikes to station,4.1588830833596715,High
Adelaide St W / Bay St - SMART,2022-08-31 08:00:00,0,3,3,Overflow Risk,3,Remove bikes from station,4.1588830833596715,Low
University Ave / King St W - SMART,2024-06-13 08:00:00,0,3,3,Overflow Risk,3,Remove bikes from station,4.1588830833596715,High
University Ave / Queen St W,2022-09-07 13:00:00,0,3,3,Overflow Risk,3,Remove bikes from station,4.1588830833596715,High
University Ave / Queen St W,2024-05-30 15:00:00,3,0,-3,Shortage Risk,3,Deliver bikes to station,4.1588830833596715,High
Ursula Franklin St / Huron St - SMART,2024-03-28 15:00:00,3,0,-3,Shortage Risk,3,Deliver bikes to station,4.1588830833596715,High
University Ave / Gerrard St W (East Side),2024-04-23 09:00:00,0,3,3,Overflow Risk,3,Remove bikes from station,4.1588830833596715,Medium
University Ave / Gerrard St W (East Side),2024-04-26 08:00:00,0,3,3,Overflow Risk,3,Remove bikes from station,4.1588830833596715,Medium
University Ave / Gerrard St W (East Side),2024-05-01 17:00:00,3,0,-3,Shortage Risk,3,Deliver bikes to station,4.1588830833596715,Medium
University Ave / Gerrard St W (East Side),2024-05-03 10:00:00,0,3,3,Overflow Risk,3,Remove bikes from station,4.1588830833596715,Medium
University Ave / Gerrard St W (East Side),2024-05-06 18:00:00,3,0,-3,Shortage Risk,3,Deliver bikes to station,4.1588830833596715,Medium
University Ave / King St W - SMART,2024-06-11 17:00:00,3,0,-3,Shortage Risk,3,Deliver bikes to station,4.1588830833596715,High
Adelaide St W / Bay St - SMART,2022-09-15 17:00:00,3,0,-3,Shortage Risk,3,Deliver bikes to station,4.1588830833596715,Low
Adelaide St W / Bay St - SMART,2022-09-16 17:00:00,3,0,-3,Shortage Risk,3,Deliver bikes to station,4.1588830833596715,Low
Adelaide St W / Brant St,2022-06-23 17:00:00,3,0,-3,Shortage Risk,3,Deliver bikes to station,4.1588830833596715,Low
Adelaide St W / Brant St,2022-09-06 17:00:00,3,0,-3,Shortage Risk,3,Deliver bikes to station,4.1588830833596715,Low
Ward's Island Ferry Dock,2025-08-01 18:00:00,3,0,-3,Shortage Risk,3,Deliver bikes to station,4.1588830833596715,High
Ward's Island Ferry Dock,2025-08-04 14:00:00,3,0,-3,Shortage Risk,3,Deliver bikes to station,4.1588830833596715,High
Ward's Island Ferry Dock,2025-08-04 15:00:00,0,3,3,Overflow Risk,3,Remove bikes from station,4.1588830833596715,High
Ward's Island Ferry Dock,2025-08-11 16:00:00,0,3,3,Overflow Risk,3,Remove bikes from station,4.1588830833596715,High
Ursula Franklin St / St. George St - SMART,2024-04-22 13:00:00,0,3,3,Overflow Risk,3,Remove bikes from station,4.1588830833596715,High
Walton St / Elizabeth St - SMART,2024-03-15 08:00:00,0,3,3,Overflow Risk,3,Remove bikes from station,4.1588830833596715,High
Ursula Franklin St / St. George St - SMART,2024-06-13 18:00:00,3,0,-3,Shortage Risk,3,Deliver bikes to station,4.1588830833596715,High
Vanauley St / Queen St W - SMART,2022-05-29 16:00:00,3,0,-3,Shortage Risk,3,Deliver bikes to station,4.1588830833596715,High
Vanauley St / Queen St W - SMART,2022-06-05 18:00:00,3,0,-3,Shortage Risk,3,Deliver bikes to station,4.1588830833596715,High
Victoria Park Ave / Kingston Rd,2024-05-14 14:00:00,3,0,-3,Shortage Risk,3,Deliver bikes to station,4.1588830833596715,High
Victoria St / Queen St E,2022-10-11 17:00:00,3,0,-3,Shortage Risk,3,Deliver bikes to station,4.1588830833596715,High
Walnut Ave / Queen St W,2022-08-20 14:00:00,3,0,-3,Shortage Risk,3,Deliver bikes to station,4.1588830833596715,High
Walnut Ave / Queen St W,2024-05-22 21:00:00,3,0,-3,Shortage Risk,3,Deliver bikes to station,4.1588830833596715,High
Walnut Ave / Queen St W,2024-05-30 16:00:00,0,3,3,Overflow Risk,3,Remove bikes from station,4.1588830833596715,High
Walnut Ave / Queen St W,2024-06-06 20:00:00,0,3,3,Overflow Risk,3,Remove bikes from station,4.1588830833596715,High
Walton St / Elizabeth St - SMART,2024-03-13 17:00:00,3,0,-3,Shortage Risk,3,Deliver bikes to station,4.1588830833596715,High
Ursula Franklin St / St. George St - SMART,2024-06-04 14:00:00,0,3,3,Overflow Risk,3,Remove bikes from station,4.1588830833596715,High
York St / Queens Quay W,2022-07-31 14:00:00,0,3,3,Overflow Risk,3,Remove bikes from station,4.1588830833596715,High
York St / Queens Quay W,2022-08-01 16:00:00,3,0,-3,Shortage Risk,3,Deliver bikes to station,4.1588830833596715,High
York St / Queens Quay W,2022-08-06 13:00:00,3,0,-3,Shortage Risk,3,Deliver bikes to station,4.1588830833596715,High
York St / Queens Quay W,2022-08-13 22:00:00,0,3,3,Overflow Risk,3,Remove bikes from station,4.1588830833596715,High
Adelaide St W / Portland St,2022-06-01 17:00:00,0,3,3,Overflow Risk,3,Remove bikes from station,4.1588830833596715,Low
Adelaide St W / Portland St,2022-06-29 23:00:00,3,0,-3,Shortage Risk,3,Deliver bikes to station,4.1588830833596715,Low
Adelaide St W / Strachan Ave,2022-09-04 00:00:00,3,0,-3,Shortage Risk,3,Deliver bikes to station,4.1588830833596715,Low
York St / Queens Quay W,2024-02-27 08:00:00,0,3,3,Overflow Risk,3,Remove bikes from station,4.1588830833596715,High
York St / Queens Quay W,2024-03-11 12:00:00,0,3,3,Overflow Risk,3,Remove bikes from station,4.1588830833596715,High
Wellesley Station Green P,2024-06-13 09:00:00,3,0,-3,Shortage Risk,3,Deliver bikes to station,4.1588830833596715,High
York St / Queens Quay W,2024-04-15 18:00:00,0,3,3,Overflow Risk,3,Remove bikes from station,4.1588830833596715,High
York St / Queens Quay W,2024-04-16 19:00:00,0,3,3,Overflow Risk,3,Remove bikes from station,4.1588830833596715,High
York St / Queens Quay W,2024-04-18 16:00:00,3,0,-3,Shortage Risk,3,Deliver bikes to station,4.1588830833596715,High
York St / Queens Quay W,2024-05-01 20:00:00,0,3,3,Overflow Risk,3,Remove bikes from station,4.1588830833596715,High
York St / Queens Quay W,2024-05-11 11:00:00,3,0,-3,Shortage Risk,3,Deliver bikes to station,4.1588830833596715,High
York St / Queens Quay W,2022-08-16 17:00:00,0,3,3,Overflow Risk,3,Remove bikes from station,4.1588830833596715,High
York St / Queens Quay W,2022-08-29 18:00:00,3,0,-3,Shortage Risk,3,Deliver bikes to station,4.1588830833596715,High
York St / Queens Quay W,2022-09-16 18:00:00,0,3,3,Overflow Risk,3,Remove bikes from station,4.1588830833596715,High
York St / Queens Quay W,2022-09-21 18:00:00,0,3,3,Overflow Risk,3,Remove bikes from station,4.1588830833596715,High
285 Victoria St,2024-06-09 13:00:00,0,3,3,Overflow Risk,3,Remove bikes from station,4.1588830833596715,Low
324 Cherry St,2022-08-06 16:00:00,0,3,3,Overflow Risk,3,Remove bikes from station,4.1588830833596715,Low
324 Cherry St,2022-10-22 21:00:00,3,0,-3,Shortage Risk,3,Deliver bikes to station,4.1588830833596715,Low
365 Lippincott St,2024-05-07 08:00:00,3,0,-3,Shortage Risk,3,Deliver bikes to station,4.1588830833596715,Low
365 Lippincott St,2024-05-13 16:00:00,3,0,-3,Shortage Risk,3,Deliver bikes to station,4.1588830833596715,Low
365 Lippincott St,2025-08-24 18:00:00,3,0,-3,Shortage Risk,3,Deliver bikes to station,4.1588830833596715,Low
365 Lippincott St,2025-08-24 19:00:00,0,3,3,Overflow Risk,3,Remove bikes from station,4.1588830833596715,Low
420 Wellington St W,2024-03-26 08:00:00,3,0,-3,Shortage Risk,3,Deliver bikes to station,4.1588830833596715,Low
420 Wellington St W,2024-05-02 17:00:00,3,0,-3,Shortage Risk,3,Deliver bikes to station,4.1588830833596715,Low
420 Wellington St W,2024-05-07 17:00:00,0,3,3,Overflow Risk,3,Remove bikes from station,4.1588830833596715,Low
York St / Queens Quay W,2022-07-28 22:00:00,0,3,3,Overflow Risk,3,Remove bikes from station,4.1588830833596715,High
439 Sherbourne St,2024-05-15 20:00:00,0,3,3,Overflow Risk,3,Remove bikes from station,4.1588830833596715,Low
York St / Queens Quay W,2025-07-20 17:00:00,0,3,3,Overflow Risk,3,Remove bikes from station,4.1588830833596715,High
York St / Queens Quay W,2025-08-16 23:00:00,3,0,-3,Shortage Risk,3,Deliver bikes to station,4.1588830833596715,High
York St / Wellington St W (1),2024-05-01 17:00:00,3,0,-3,Shortage Risk,3,Deliver bikes to station,4.1588830833596715,High
80 Clinton St (North of College),2022-09-19 11:00:00,3,0,-3,Shortage Risk,3,Deliver bikes to station,4.1588830833596715,Low
324 Cherry St,2022-06-12 20:00:00,3,0,-3,Shortage Risk,3,Deliver bikes to station,4.1588830833596715,Low
York St / Queens Quay W,2022-07-10 22:00:00,0,3,3,Overflow Risk,3,Remove bikes from station,4.1588830833596715,High
York St / Queens Quay W,2022-07-13 20:00:00,0,3,3,Overflow Risk,3,Remove bikes from station,4.1588830833596715,High
York St / Queens Quay W,2022-07-16 12:00:00,0,3,3,Overflow Risk,3,Remove bikes from station,4.1588830833596715,High
York St / Queens Quay W,2022-07-23 14:00:00,3,0,-3,Shortage Risk,3,Deliver bikes to station,4.1588830833596715,High
424 Wellington St W,2022-08-09 09:00:00,3,0,-3,Shortage Risk,3,Deliver bikes to station,4.1588830833596715,Low
Yonge St / Aylmer Ave,2024-05-08 07:00:00,3,0,-3,Shortage Risk,3,Deliver bikes to station,4.1588830833596715,High
Yonge St / Bloor St,2024-05-13 08:00:00,3,0,-3,Shortage Risk,3,Deliver bikes to station,4.1588830833596715,High
Yonge St / Bloor St,2024-05-31 17:00:00,3,0,-3,Shortage Risk,3,Deliver bikes to station,4.1588830833596715,High
Yonge St / Bloor St,2024-06-11 08:00:00,0,3,3,Overflow Risk,3,Remove bikes from station,4.1588830833596715,High
Yonge St / Dundas Sq,2022-06-08 12:00:00,0,3,3,Overflow Risk,3,Remove bikes from station,4.1588830833596715,High
Yonge St / Dundas Sq,2022-07-17 13:00:00,3,0,-3,Shortage Risk,3,Deliver bikes to station,4.1588830833596715,High
Wellington St W / Bay St,2024-05-22 08:00:00,0,3,3,Overflow Risk,3,Remove bikes from station,4.1588830833596715,High
Wellington St W / Bay St,2024-05-29 09:00:00,0,3,3,Overflow Risk,3,Remove bikes from station,4.1588830833596715,High
Wellington St W / Bay St,2024-06-04 17:00:00,3,0,-3,Shortage Risk,3,Deliver bikes to station,4.1588830833596715,High
Yonge St / Dundas Sq,2024-03-28 19:00:00,3,0,-3,Shortage Risk,3,Deliver bikes to station,4.1588830833596715,High
Wellington St W / Blue Jays Way,2025-08-27 17:00:00,0,3,3,Overflow Risk,3,Remove bikes from station,4.1588830833596715,High
Wellington St W / Stafford St,2024-05-08 17:00:00,0,3,3,Overflow Risk,3,Remove bikes from station,4.1588830833596715,High
Western Battery Rd / Pirandello St,2022-05-30 18:00:00,0,3,3,Overflow Risk,3,Remove bikes from station,4.1588830833596715,High
Western Battery Rd / Pirandello St,2024-05-23 21:00:00,0,3,3,Overflow Risk,3,Remove bikes from station,4.1588830833596715,High
Widmer St / Adelaide St W,2022-05-16 17:00:00,3,0,-3,Shortage Risk,3,Deliver bikes to station,4.1588830833596715,High
Widmer St / Adelaide St W,2022-07-06 16:00:00,3,0,-3,Shortage Risk,3,Deliver bikes to station,4.1588830833596715,High
Widmer St / Adelaide St W,2022-07-11 17:00:00,0,3,3,Overflow Risk,3,Remove bikes from station,4.1588830833596715,High
Widmer St / Adelaide St W - SMART,2024-02-28 18:00:00,0,3,3,Overflow Risk,3,Remove bikes from station,4.1588830833596715,High
Widmer St / Adelaide St W - SMART,2024-04-29 17:00:00,0,3,3,Overflow Risk,3,Remove bikes from station,4.1588830833596715,High
Widmer St / Adelaide St W - SMART,2024-04-30 18:00:00,0,3,3,Overflow Risk,3,Remove bikes from station,4.1588830833596715,High
Wellington St W / Bay St,2024-06-12 08:00:00,0,3,3,Overflow Risk,3,Remove bikes from station,4.1588830833596715,High
Yonge St / Dundas Sq,2024-04-21 10:00:00,0,3,3,Overflow Risk,3,Remove bikes from station,4.1588830833596715,High
Yonge St / Dundas Sq,2024-05-08 18:00:00,3,0,-3,Shortage Risk,3,Deliver bikes to station,4.1588830833596715,High
Yonge St / Dundas Sq,2024-05-21 18:00:00,3,0,-3,Shortage Risk,3,Deliver bikes to station,4.1588830833596715,High
Yonge St / Dundas Sq,2025-12-08 17:00:00,3,0,-3,Shortage Risk,3,Deliver bikes to station,4.1588830833596715,High
Yonge St / Dundonald St,2024-04-09 09:00:00,3,0,-3,Shortage Risk,3,Deliver bikes to station,4.1588830833596715,High
Yonge St / Dundonald St - SMART,2022-08-16 21:00:00,0,3,3,Overflow Risk,3,Remove bikes from station,4.1588830833596715,High
Yonge St / St Clair Ave,2022-10-22 13:00:00,0,3,3,Overflow Risk,3,Remove bikes from station,4.1588830833596715,High
Yonge St / St. Clair Ave,2024-06-02 13:00:00,0,3,3,Overflow Risk,3,Remove bikes from station,4.1588830833596715,High
York St / Lake Shore Blvd W,2024-06-06 12:00:00,0,3,3,Overflow Risk,3,Remove bikes from station,4.1588830833596715,High
Yonge St / Alexander St - SMART,2022-08-13 19:00:00,3,0,-3,Shortage Risk,3,Deliver bikes to station,4.1588830833596715,High
York St / Queens Quay W,2022-05-22 20:00:00,0,3,3,Overflow Risk,3,Remove bikes from station,4.1588830833596715,High
York St / Queens Quay W,2022-05-29 15:00:00,0,3,3,Overflow Risk,3,Remove bikes from station,4.1588830833596715,High
York St / Queens Quay W,2022-06-09 19:00:00,3,0,-3,Shortage Risk,3,Deliver bikes to station,4.1588830833596715,High
Widmer St / Adelaide St W - SMART,2024-05-29 11:00:00,0,3,3,Overflow Risk,3,Remove bikes from station,4.1588830833596715,High
Widmer St / Adelaide St W - SMART,2024-06-04 17:00:00,3,0,-3,Shortage Risk,3,Deliver bikes to station,4.1588830833596715,High
Widmer St / King St W,2024-05-21 17:00:00,0,3,3,Overflow Risk,3,Remove bikes from station,4.1588830833596715,High
Widmer St / King St W,2024-06-01 18:00:00,3,0,-3,Shortage Risk,3,Deliver bikes to station,4.1588830833596715,High
Willcocks St / St. George St,2022-08-22 16:00:00,3,0,-3,Shortage Risk,3,Deliver bikes to station,4.1588830833596715,High
Willcocks St / St. George St,2022-10-18 09:00:00,0,3,3,Overflow Risk,3,Remove bikes from station,4.1588830833596715,High
Willcocks St / St. George St,2024-03-28 16:00:00,0,3,3,Overflow Risk,3,Remove bikes from station,4.1588830833596715,High
York St / Queen St W (City Hall),2024-05-08 08:00:00,0,3,3,Overflow Risk,3,Remove bikes from station,4.1588830833596715,High
Temperance St Station,2024-06-13 08:00:00,0,3,3,Overflow Risk,3,Remove bikes from station,4.1588830833596715,Medium
Temperance St Station,2024-06-13 09:00:00,0,3,3,Overflow Risk,3,Remove bikes from station,4.1588830833596715,Medium
Temperance St Station,2024-06-13 10:00:00,0,3,3,Overflow Risk,3,Remove bikes from station,4.1588830833596715,Medium
Temperance St Station,2025-11-12 09:00:00,0,3,3,Overflow Risk,3,Remove bikes from station,4.1588830833596715,Medium
Temperance St Station,2025-12-02 09:00:00,0,3,3,Overflow Risk,3,Remove bikes from station,4.1588830833596715,Medium
Temperance St Station,2025-12-03 09:00:00,0,3,3,Overflow Risk,3,Remove bikes from station,4.1588830833596715,Medium
The Well,2024-04-10 18:00:00,3,0,-3,Shortage Risk,3,Deliver bikes to station,4.1588830833596715,Medium
The Well,2024-04-24 08:00:00,3,0,-3,Shortage Risk,3,Deliver bikes to station,4.1588830833596715,Medium
The Well,2024-05-04 14:00:00,3,0,-3,Shortage Risk,3,Deliver bikes to station,4.1588830833596715,Medium
University Ave / Gerrard St W (East Side),2024-05-07 17:00:00,3,0,-3,Shortage Risk,3,Deliver bikes to station,4.1588830833596715,Medium
The Well,2024-06-05 16:00:00,0,3,3,Overflow Risk,3,Remove bikes from station,4.1588830833596715,Medium
Thompson St / Broadview Ave - SMART,2022-07-27 17:00:00,0,3,3,Overflow Risk,3,Remove bikes from station,4.1588830833596715,Medium
Temperance St Station,2024-05-22 09:00:00,0,3,3,Overflow Risk,3,Remove bikes from station,4.1588830833596715,Medium
Temperance St Station,2024-05-28 08:00:00,0,3,3,Overflow Risk,3,Remove bikes from station,4.1588830833596715,Medium
Temperance St Station,2024-05-30 08:00:00,0,3,3,Overflow Risk,3,Remove bikes from station,4.1588830833596715,Medium
Temperance St Station,2024-05-30 09:00:00,0,3,3,Overflow Risk,3,Remove bikes from station,4.1588830833596715,Medium
Temperance St Station,2024-05-31 18:00:00,3,0,-3,Shortage Risk,3,Deliver bikes to station,4.1588830833596715,Medium
Temperance St Station,2024-06-03 17:00:00,3,0,-3,Shortage Risk,3,Deliver bikes to station,4.1588830833596715,Medium
Temperance St Station,2024-06-04 07:00:00,0,3,3,Overflow Risk,3,Remove bikes from station,4.1588830833596715,Medium
The Well,2024-06-04 19:00:00,3,0,-3,Shortage Risk,3,Deliver bikes to station,4.1588830833596715,Medium
Tommy Thompson Park (Leslie Street Spit),2024-03-24 14:00:00,3,0,-3,Shortage Risk,3,Deliver bikes to station,4.1588830833596715,Medium
Tommy Thompson Park (Leslie Street Spit),2024-04-01 13:00:00,0,3,3,Overflow Risk,3,Remove bikes from station,4.1588830833596715,Medium
Tommy Thompson Park (Leslie Street Spit),2024-05-26 12:00:00,0,3,3,Overflow Risk,3,Remove bikes from station,4.1588830833596715,Medium
Tommy Thompson Park (Leslie Street Spit),2025-07-21 20:00:00,0,3,3,Overflow Risk,3,Remove bikes from station,4.1588830833596715,Medium
Bay St / Albert St,2024-05-18 14:00:00,3,0,-3,Shortage Risk,3,Deliver bikes to station,4.1588830833596715,Low
Bay St / Albert St,2024-06-06 08:00:00,0,3,3,Overflow Risk,3,Remove bikes from station,4.1588830833596715,Low
Bay St / Bloor St W (East Side),2024-02-26 19:00:00,0,3,3,Overflow Risk,3,Remove bikes from station,4.1588830833596715,Low
Bay St / Bloor St W (East Side),2024-03-01 18:00:00,0,3,3,Overflow Risk,3,Remove bikes from station,4.1588830833596715,Low
Bathurst St / Adelaide St W,2024-04-24 18:00:00,0,3,3,Overflow Risk,3,Remove bikes from station,4.1588830833596715,Low
Toronto Eaton Centre (Yonge St) - SMART,2024-05-22 18:00:00,3,0,-3,Shortage Risk,3,Deliver bikes to station,4.1588830833596715,Medium
Bathurst St / Adelaide St W,2024-06-07 17:00:00,0,3,3,Overflow Risk,3,Remove bikes from station,4.1588830833596715,Low
Bathurst St / Adelaide St W,2024-06-11 17:00:00,0,3,3,Overflow Risk,3,Remove bikes from station,4.1588830833596715,Low
Bathurst St / Dundas St W,2022-06-29 08:00:00,0,3,3,Overflow Risk,3,Remove bikes from station,4.1588830833596715,Low
Bathurst St / Dundas St W,2024-04-15 07:00:00,0,3,3,Overflow Risk,3,Remove bikes from station,4.1588830833596715,Low
Bathurst St / Fort York Blvd,2022-05-27 19:00:00,3,0,-3,Shortage Risk,3,Deliver bikes to station,4.1588830833596715,Low
Bathurst St / Fort York Blvd,2022-08-10 08:00:00,3,0,-3,Shortage Risk,3,Deliver bikes to station,4.1588830833596715,Low
Bathurst St / Fort York Blvd,2024-06-06 19:00:00,0,3,3,Overflow Risk,3,Remove bikes from station,4.1588830833596715,Low
Tommy Thompson Park (Leslie Street Spit),2025-08-24 11:00:00,3,0,-3,Shortage Risk,3,Deliver bikes to station,4.1588830833596715,Medium
Toronto Eaton Centre (Yonge St),2022-09-11 14:00:00,3,0,-3,Shortage Risk,3,Deliver bikes to station,4.1588830833596715,Medium
Toronto Eaton Centre (Yonge St) - SMART,2024-04-29 16:00:00,3,0,-3,Shortage Risk,3,Deliver bikes to station,4.1588830833596715,Medium
Bathurst St / Adelaide St W,2024-05-29 16:00:00,0,3,3,Overflow Risk,3,Remove bikes from station,4.1588830833596715,Low
Sunnyside - Gus Ryder Pool,2022-08-13 16:00:00,0,3,3,Overflow Risk,3,Remove bikes from station,4.1588830833596715,Medium
Sunnyside - Gus Ryder Pool,2022-08-14 15:00:00,0,3,3,Overflow Risk,3,Remove bikes from station,4.1588830833596715,Medium
Sunnyside - Gus Ryder Pool,2024-05-29 21:00:00,3,0,-3,Shortage Risk,3,Deliver bikes to station,4.1588830833596715,Medium
Tecumseth St / Queen St W - SMART,2022-08-23 17:00:00,3,0,-3,Shortage Risk,3,Deliver bikes to station,4.1588830833596715,Medium
Tecumseth St / Queen St W - SMART,2024-05-04 16:00:00,0,3,3,Overflow Risk,3,Remove bikes from station,4.1588830833596715,Medium
Tecumseth St / Queen St W - SMART,2024-06-04 20:00:00,3,0,-3,Shortage Risk,3,Deliver bikes to station,4.1588830833596715,Medium
Tecumseth St / Queen St W - SMART,2024-06-06 20:00:00,3,0,-3,Shortage Risk,3,Deliver bikes to station,4.1588830833596715,Medium
St. George St / Hoskin Ave,2024-05-13 12:00:00,3,0,-3,Shortage Risk,3,Deliver bikes to station,4.1588830833596715,Medium
St. George St / Russell St - SMART,2022-10-17 08:00:00,0,3,3,Overflow Risk,3,Remove bikes from station,4.1588830833596715,Medium
Temperance St Station,2024-06-05 08:00:00,0,3,3,Overflow Risk,3,Remove bikes from station,4.1588830833596715,Medium
St. George St / Willcocks St,2024-03-12 10:00:00,0,3,3,Overflow Risk,3,Remove bikes from station,4.1588830833596715,Medium
St. George St / Willcocks St,2024-03-27 16:00:00,3,0,-3,Shortage Risk,3,Deliver bikes to station,4.1588830833596715,Medium
St. George St / Willcocks St,2024-06-05 12:00:00,0,3,3,Overflow Risk,3,Remove bikes from station,4.1588830833596715,Medium
Stewart St / Bathurst St  - SMART,2022-06-23 22:00:00,0,3,3,Overflow Risk,3,Remove bikes from station,4.1588830833596715,Medium
Strachan Ave / East Liberty St - SMART,2024-04-18 17:00:00,0,3,3,Overflow Risk,3,Remove bikes from station,4.1588830833596715,Medium
Strachan Ave / East Liberty St - SMART,2024-04-22 17:00:00,3,0,-3,Shortage Risk,3,Deliver bikes to station,4.1588830833596715,Medium
Strachan Ave / East Liberty St - SMART,2024-04-26 19:00:00,0,3,3,Overflow Risk,3,Remove bikes from station,4.1588830833596715,Medium
Strachan Ave / East Liberty St - SMART,2024-05-08 17:00:00,0,3,3,Overflow Risk,3,Remove bikes from station,4.1588830833596715,Medium
Strachan Ave / East Liberty St - SMART,2024-05-13 18:00:00,3,0,-3,Shortage Risk,3,Deliver bikes to station,4.1588830833596715,Medium
St. George St / Russell St - SMART,2022-12-08 16:00:00,3,0,-3,Shortage Risk,3,Deliver bikes to station,4.1588830833596715,Medium
Temperance St Station,2024-06-06 17:00:00,3,0,-3,Shortage Risk,3,Deliver bikes to station,4.1588830833596715,Medium
Temperance St Station,2024-06-10 08:00:00,0,3,3,Overflow Risk,3,Remove bikes from station,4.1588830833596715,Medium
Temperance St Station,2024-06-11 18:00:00,3,0,-3,Shortage Risk,3,Deliver bikes to station,4.1588830833596715,Medium
Temperance St Station,2024-06-12 08:00:00,0,3,3,Overflow Risk,3,Remove bikes from station,4.1588830833596715,Medium
Ted Rogers Way / Bloor St E,2024-06-06 17:00:00,3,0,-3,Shortage Risk,3,Deliver bikes to station,4.1588830833596715,Medium
Temperance St / Bay St,2024-02-29 16:00:00,3,0,-3,Shortage Risk,3,Deliver bikes to station,4.1588830833596715,Medium
Temperance St / Bay St,2024-03-13 17:00:00,3,0,-3,Shortage Risk,3,Deliver bikes to station,4.1588830833596715,Medium
Temperance St / Bay St,2024-04-16 18:00:00,3,0,-3,Shortage Risk,3,Deliver bikes to station,4.1588830833596715,Medium
Temperance St Station,2024-05-02 16:00:00,0,3,3,Overflow Risk,3,Remove bikes from station,4.1588830833596715,Medium
Sunnyside - Gus Ryder Pool,2022-08-07 13:00:00,0,3,3,Overflow Risk,3,Remove bikes from station,4.1588830833596715,Medium
Temperance St Station,2024-05-10 17:00:00,3,0,-3,Shortage Risk,3,Deliver bikes to station,4.1588830833596715,Medium
Temperance St Station,2024-05-13 17:00:00,3,0,-3,Shortage Risk,3,Deliver bikes to station,4.1588830833596715,Medium
Temperance St Station,2024-05-15 18:00:00,3,0,-3,Shortage Risk,3,Deliver bikes to station,4.1588830833596715,Medium
Martin Goodman Trail / Ontario Dr,2022-08-13 17:00:00,0,3,3,Overflow Risk,3,Remove bikes from station,4.1588830833596715,Medium
Temperance St Station,2024-05-21 18:00:00,3,0,-3,Shortage Risk,3,Deliver bikes to station,4.1588830833596715,Medium
Temperance St Station,2024-05-21 19:00:00,3,0,-3,Shortage Risk,3,Deliver bikes to station,4.1588830833596715,Medium
Strachan Ave / Princes' Blvd,2022-08-19 22:00:00,3,0,-3,Shortage Risk,3,Deliver bikes to station,4.1588830833596715,Medium
Strachan Ave / Princes' Blvd,2022-09-11 18:00:00,0,3,3,Overflow Risk,3,Remove bikes from station,4.1588830833596715,Medium
Sumach St  / Queen St E,2024-06-08 15:00:00,3,0,-3,Shortage Risk,3,Deliver bikes to station,4.1588830833596715,Medium
Sunnyside - Gus Ryder Pool,2022-08-01 12:00:00,0,3,3,Overflow Risk,3,Remove bikes from station,4.1588830833596715,Medium
Temperance St Station,2024-05-08 16:00:00,3,0,-3,Shortage Risk,3,Deliver bikes to station,4.1588830833596715,Medium
University Ave / Gerrard St W (East Side),2022-06-15 08:00:00,0,3,3,Overflow Risk,3,Remove bikes from station,4.1588830833596715,Medium
University Ave / Gerrard St W (East Side),2022-07-28 08:00:00,0,3,3,Overflow Risk,3,Remove bikes from station,4.1588830833596715,Medium
University Ave / Gerrard St W (East Side),2022-08-09 16:00:00,3,0,-3,Shortage Risk,3,Deliver bikes to station,4.1588830833596715,Medium
University Ave / Gerrard St W (East Side),2022-09-16 18:00:00,3,0,-3,Shortage Risk,3,Deliver bikes to station,4.1588830833596715,Medium
University Ave / Gerrard St W (East Side),2022-10-21 09:00:00,0,3,3,Overflow Risk,3,Remove bikes from station,4.1588830833596715,Medium
Bathurst St / Front St W,2024-05-24 19:00:00,0,3,3,Overflow Risk,3,Remove bikes from station,4.1588830833596715,Low
Bathurst St / Front St W,2024-06-01 14:00:00,0,3,3,Overflow Risk,3,Remove bikes from station,4.1588830833596715,Low
Albany Ave / Bloor St W,2024-03-18 17:00:00,0,3,3,Overflow Risk,3,Remove bikes from station,4.1588830833596715,Low
Albany Ave / Bloor St W,2024-05-24 20:00:00,0,3,3,Overflow Risk,3,Remove bikes from station,4.1588830833596715,Low
Tommy Thompson Park (Leslie Street Spit),2022-08-06 16:00:00,3,0,-3,Shortage Risk,3,Deliver bikes to station,4.1588830833596715,Medium
Alma Ave / Gladstone Ave SMART,2024-06-10 08:00:00,3,0,-3,Shortage Risk,3,Deliver bikes to station,4.1588830833596715,Low
Armoury St / Chestnut St,2024-06-06 17:00:00,0,3,3,Overflow Risk,3,Remove bikes from station,4.1588830833596715,Low
Augusta Ave / Dundas St W,2024-05-25 18:00:00,0,3,3,Overflow Risk,3,Remove bikes from station,4.1588830833596715,Low
Augusta Ave / Dundas St W,2024-06-06 18:00:00,0,3,3,Overflow Risk,3,Remove bikes from station,4.1588830833596715,Low
Baldwin Ave / Spadina Ave - SMART,2022-08-05 14:00:00,0,3,3,Overflow Risk,3,Remove bikes from station,4.1588830833596715,Low
Baldwin St / Spadina Ave - SMART,2024-02-25 14:00:00,3,0,-3,Shortage Risk,3,Deliver bikes to station,4.1588830833596715,Low
Baldwin St / Spadina Ave - SMART,2024-04-20 17:00:00,0,3,3,Overflow Risk,3,Remove bikes from station,4.1588830833596715,Low
Baldwin St / Spadina Ave - SMART,2024-05-22 13:00:00,3,0,-3,Shortage Risk,3,Deliver bikes to station,4.1588830833596715,Low
Baldwin St / Spadina Ave - SMART,2024-06-03 12:00:00,0,3,3,Overflow Risk,3,Remove bikes from station,4.1588830833596715,Low
Albany Ave / Bloor St W,2024-06-11 18:00:00,0,3,3,Overflow Risk,3,Remove bikes from station,4.1588830833596715,Low
University Ave / Gerrard St W (East Side),2024-05-22 07:00:00,0,3,3,Overflow Risk,3,Remove bikes from station,4.1588830833596715,High
University Ave / Gerrard St W (East Side),2024-05-23 17:00:00,3,0,-3,Shortage Risk,3,Deliver bikes to station,4.1588830833596715,High
University Ave / Gerrard St W (East Side),2024-05-24 16:00:00,3,0,-3,Shortage Risk,3,Deliver bikes to station,4.1588830833596715,High
University Ave / Gerrard St W (East Side),2024-05-29 08:00:00,0,3,3,Overflow Risk,3,Remove bikes from station,4.1588830833596715,High
University Ave / Gerrard St W (East Side),2024-02-05 18:00:00,3,0,-3,Shortage Risk,3,Deliver bikes to station,4.1588830833596715,Medium
University Ave / Gerrard St W (East Side),2024-02-20 17:00:00,3,0,-3,Shortage Risk,3,Deliver bikes to station,4.1588830833596715,Medium
University Ave / Gerrard St W (East Side),2024-02-29 08:00:00,0,3,3,Overflow Risk,3,Remove bikes from station,4.1588830833596715,Medium
University Ave / Gerrard St W (East Side),2024-03-11 09:00:00,0,3,3,Overflow Risk,3,Remove bikes from station,4.1588830833596715,Medium
University Ave / Gerrard St W (East Side),2024-03-14 08:00:00,0,3,3,Overflow Risk,3,Remove bikes from station,4.1588830833596715,Medium
University Ave / College St (West),2022-09-01 16:00:00,3,0,-3,Shortage Risk,3,Deliver bikes to station,4.1588830833596715,Medium
University Ave / Gerrard St W (East Side),2024-03-18 16:00:00,3,0,-3,Shortage Risk,3,Deliver bikes to station,4.1588830833596715,Medium
University Ave / Gerrard St W (East Side),2024-03-27 11:00:00,0,3,3,Overflow Risk,3,Remove bikes from station,4.1588830833596715,Medium
University Ave / Gerrard St W (East Side),2024-03-27 16:00:00,3,0,-3,Shortage Risk,3,Deliver bikes to station,4.1588830833596715,Medium
University Ave / Gerrard St W (East Side),2024-03-27 23:00:00,3,0,-3,Shortage Risk,3,Deliver bikes to station,4.1588830833596715,Medium
University Ave / Gerrard St W (East Side),2024-04-04 15:00:00,3,0,-3,Shortage Risk,3,Deliver bikes to station,4.1588830833596715,Medium
University Ave / Gerrard St W (East Side),2024-04-08 19:00:00,3,0,-3,Shortage Risk,3,Deliver bikes to station,4.1588830833596715,Medium
University Ave / Gerrard St W (East Side),2024-04-09 07:00:00,0,3,3,Overflow Risk,3,Remove bikes from station,4.1588830833596715,Medium
University Ave / College St (East),2024-04-18 07:00:00,0,3,3,Overflow Risk,3,Remove bikes from station,4.1588830833596715,Medium
University Ave / College St (East),2024-05-06 16:00:00,3,0,-3,Shortage Risk,3,Deliver bikes to station,4.1588830833596715,Medium
University Ave / College St (East),2024-05-30 16:00:00,3,0,-3,Shortage Risk,3,Deliver bikes to station,4.1588830833596715,Medium
University Ave / Gerrard St W (East Side),2024-03-14 09:00:00,0,3,3,Overflow Risk,3,Remove bikes from station,4.1588830833596715,Medium
Union Station,2024-03-26 08:00:00,0,3,3,Overflow Risk,3,Remove bikes from station,4.1588830833596715,Medium
Union Station,2024-04-09 16:00:00,0,3,3,Overflow Risk,3,Remove bikes from station,4.1588830833596715,Medium
Union Station,2024-04-23 17:00:00,3,0,-3,Shortage Risk,3,Deliver bikes to station,4.1588830833596715,Medium
Union Station,2024-04-24 17:00:00,3,0,-3,Shortage Risk,3,Deliver bikes to station,4.1588830833596715,Medium
Union Station,2024-05-09 14:00:00,0,3,3,Overflow Risk,3,Remove bikes from station,4.1588830833596715,Medium
Toronto Inukshuk Park,2022-05-23 18:00:00,3,0,-3,Shortage Risk,3,Deliver bikes to station,4.1588830833596715,Medium
Toronto Inukshuk Park,2022-09-09 17:00:00,0,3,3,Overflow Risk,3,Remove bikes from station,4.1588830833596715,Medium
Toronto Inukshuk Park,2022-09-17 18:00:00,0,3,3,Overflow Risk,3,Remove bikes from station,4.1588830833596715,Medium
Toronto Inukshuk Park,2024-05-04 12:00:00,3,0,-3,Shortage Risk,3,Deliver bikes to station,4.1588830833596715,Medium
University Ave / Gerrard St W (East Side),2024-01-29 17:00:00,3,0,-3,Shortage Risk,3,Deliver bikes to station,4.1588830833596715,Medium
Toronto Inukshuk Park,2024-05-20 23:00:00,3,0,-3,Shortage Risk,3,Deliver bikes to station,4.1588830833596715,Medium
Toronto Inukshuk Park,2024-05-27 23:00:00,3,0,-3,Shortage Risk,3,Deliver bikes to station,4.1588830833596715,Medium
Tyndall Ave / King St W - SMART,2024-04-27 22:00:00,0,3,3,Overflow Risk,3,Remove bikes from station,4.1588830833596715,Medium
Ulster St / Bathurst St,2024-03-13 18:00:00,0,3,3,Overflow Risk,3,Remove bikes from station,4.1588830833596715,Medium
Ulster St / Bathurst St,2024-06-03 18:00:00,0,3,3,Overflow Risk,3,Remove bikes from station,4.1588830833596715,Medium
Union Station,2022-05-04 08:00:00,0,3,3,Overflow Risk,3,Remove bikes from station,4.1588830833596715,Medium
Thompson St / Broadview Ave - SMART,2024-04-25 18:00:00,0,3,3,Overflow Risk,3,Remove bikes from station,4.1588830833596715,Medium
Thompson St / Broadview Ave - SMART,2024-06-12 08:00:00,3,0,-3,Shortage Risk,3,Deliver bikes to station,4.1588830833596715,Medium
Tommy Thompson Park (Leslie Street Spit),2022-04-24 17:00:00,0,3,3,Overflow Risk,3,Remove bikes from station,4.1588830833596715,Medium
Tommy Thompson Park (Leslie Street Spit),2022-05-28 16:00:00,3,0,-3,Shortage Risk,3,Deliver bikes to station,4.1588830833596715,Medium
Toronto Inukshuk Park,2024-05-07 19:00:00,3,0,-3,Shortage Risk,3,Deliver bikes to station,4.1588830833596715,Medium
University Ave / Gerrard St W (East Side),2024-01-30 08:00:00,0,3,3,Overflow Risk,3,Remove bikes from station,4.1588830833596715,Medium
Union Station,2024-05-10 18:00:00,0,3,3,Overflow Risk,3,Remove bikes from station,4.1588830833596715,Medium
Union Station,2024-05-12 14:00:00,0,3,3,Overflow Risk,3,Remove bikes from station,4.1588830833596715,Medium
Union Station,2024-05-16 18:00:00,3,0,-3,Shortage Risk,3,Deliver bikes to station,4.1588830833596715,Medium
Union Station,2024-05-27 16:00:00,0,3,3,Overflow Risk,3,Remove bikes from station,4.1588830833596715,Medium
Union Station,2024-05-30 17:00:00,3,0,-3,Shortage Risk,3,Deliver bikes to station,4.1588830833596715,Medium
Union Station,2024-06-02 20:00:00,0,3,3,Overflow Risk,3,Remove bikes from station,4.1588830833596715,Medium
Union Station,2024-06-12 15:00:00,0,3,3,Overflow Risk,3,Remove bikes from station,4.1588830833596715,Medium
University Ave / College St (East),2022-05-18 11:00:00,0,3,3,Overflow Risk,3,Remove bikes from station,4.1588830833596715,Medium
Union Station,2024-02-21 16:00:00,0,3,3,Overflow Risk,3,Remove bikes from station,4.1588830833596715,Medium
University Ave / College St (East),2022-09-06 17:00:00,3,0,-3,Shortage Risk,3,Deliver bikes to station,4.1588830833596715,Medium
University Ave / College St (East),2022-09-14 08:00:00,0,3,3,Overflow Risk,3,Remove bikes from station,4.1588830833596715,Medium
University Ave / College St (East),2022-10-05 17:00:00,3,0,-3,Shortage Risk,3,Deliver bikes to station,4.1588830833596715,Medium
Union Station,2022-07-14 16:00:00,0,3,3,Overflow Risk,3,Remove bikes from station,4.1588830833596715,Medium
Union Station,2022-08-25 08:00:00,0,3,3,Overflow Risk,3,Remove bikes from station,4.1588830833596715,Medium
Union Station,2022-09-07 08:00:00,3,0,-3,Shortage Risk,3,Deliver bikes to station,4.1588830833596715,Medium
Union Station,2024-02-03 11:00:00,0,3,3,Overflow Risk,3,Remove bikes from station,4.1588830833596715,Medium
Union Station,2024-02-06 09:00:00,0,3,3,Overflow Risk,3,Remove bikes from station,4.1588830833596715,Medium
Union Station,2024-02-07 09:00:00,0,3,3,Overflow Risk,3,Remove bikes from station,4.1588830833596715,Medium
Union Station,2024-02-11 14:00:00,0,3,3,Overflow Risk,3,Remove bikes from station,4.1588830833596715,Medium
University Ave / College St (East),2022-06-08 17:00:00,3,0,-3,Shortage Risk,3,Deliver bikes to station,4.1588830833596715,Medium
Fort York Blvd / Garrison Rd,2024-01-17 17:00:00,0,3,3,Overflow Risk,3,Remove bikes from station,4.1588830833596715,Low
Fort York Blvd / Garrison Rd,2024-02-02 16:00:00,0,3,3,Overflow Risk,3,Remove bikes from station,4.1588830833596715,Low
Foster Pl / Elizabeth St,2022-06-29 16:00:00,0,3,3,Overflow Risk,3,Remove bikes from station,4.1588830833596715,Low
Centre Island Ferry Dock,2025-07-12 20:00:00,0,3,3,Overflow Risk,3,Remove bikes from station,4.1588830833596715,Low
Centre Island Ferry Dock,2025-06-21 22:00:00,0,3,3,Overflow Risk,3,Remove bikes from station,4.1588830833596715,Low
Centre Island Ferry Dock,2025-06-22 14:00:00,0,3,3,Overflow Risk,3,Remove bikes from station,4.1588830833596715,Low
Centre Island Ferry Dock,2025-06-25 14:00:00,3,0,-3,Shortage Risk,3,Deliver bikes to station,4.1588830833596715,Low
Centre Island Ferry Dock,2025-06-28 11:00:00,3,0,-3,Shortage Risk,3,Deliver bikes to station,4.1588830833596715,Low
Centre Island Ferry Dock,2025-06-29 10:00:00,3,0,-3,Shortage Risk,3,Deliver bikes to station,4.1588830833596715,Low
Bay St / Dundas St W,2024-02-13 17:00:00,0,3,3,Overflow Risk,3,Remove bikes from station,4.1588830833596715,Low
Frederick St / King St E,2024-05-29 16:00:00,3,0,-3,Shortage Risk,3,Deliver bikes to station,4.1588830833596715,Low
Frederick St / King St E,2024-05-29 19:00:00,0,3,3,Overflow Risk,3,Remove bikes from station,4.1588830833596715,Low
Elm St/ University Ave (East Side),2024-03-27 09:00:00,0,3,3,Overflow Risk,3,Remove bikes from station,4.1588830833596715,Low
Elm St/ University Ave (East Side),2024-04-02 07:00:00,0,3,3,Overflow Risk,3,Remove bikes from station,4.1588830833596715,Low
Elm St/ University Ave (East Side),2024-06-05 09:00:00,0,3,3,Overflow Risk,3,Remove bikes from station,4.1588830833596715,Low
Fleet St / Bathurst St,2022-09-01 18:00:00,3,0,-3,Shortage Risk,3,Deliver bikes to station,4.1588830833596715,Low
Fleet St / Bathurst St,2022-09-09 08:00:00,3,0,-3,Shortage Risk,3,Deliver bikes to station,4.1588830833596715,Low
Fleet St / Bathurst St,2022-10-04 18:00:00,0,3,3,Overflow Risk,3,Remove bikes from station,4.1588830833596715,Low
Fleet St / Bathurst St,2024-02-02 17:00:00,0,3,3,Overflow Risk,3,Remove bikes from station,4.1588830833596715,Low
Frederick St / King St E,2024-03-20 16:00:00,3,0,-3,Shortage Risk,3,Deliver bikes to station,4.1588830833596715,Low
Front St E / Cherry St,2024-06-10 17:00:00,0,3,3,Overflow Risk,3,Remove bikes from station,4.1588830833596715,Low
Front St W / Bay St (South Side),2024-05-09 09:00:00,0,3,3,Overflow Risk,3,Remove bikes from station,4.1588830833596715,Low
Front St W / Blue Jays Way,2022-09-15 14:00:00,0,3,3,Overflow Risk,3,Remove bikes from station,4.1588830833596715,Low
Front St W / Blue Jays Way,2024-03-12 09:00:00,0,3,3,Overflow Risk,3,Remove bikes from station,4.1588830833596715,Low
Front St W / Blue Jays Way,2024-03-26 07:00:00,3,0,-3,Shortage Risk,3,Deliver bikes to station,4.1588830833596715,Low
Front St W / Blue Jays Way,2024-04-29 09:00:00,3,0,-3,Shortage Risk,3,Deliver bikes to station,4.1588830833596715,Low
Front St W / University Ave (1),2024-05-08 18:00:00,3,0,-3,Shortage Risk,3,Deliver bikes to station,4.1588830833596715,Low
Front St W / University Ave (1),2024-05-14 08:00:00,0,3,3,Overflow Risk,3,Remove bikes from station,4.1588830833596715,Low
Front St W / University Ave (1),2024-05-22 23:00:00,0,3,3,Overflow Risk,3,Remove bikes from station,4.1588830833596715,Low
Fort York Blvd / Bathurst St - SMART,2024-04-16 19:00:00,0,3,3,Overflow Risk,3,Remove bikes from station,4.1588830833596715,Low
Front St W / University Ave (2),2024-05-21 17:00:00,3,0,-3,Shortage Risk,3,Deliver bikes to station,4.1588830833596715,Low
Front St W / University Ave (2),2024-06-05 10:00:00,0,3,3,Overflow Risk,3,Remove bikes from station,4.1588830833596715,Low
Front St W / Yonge St (Hockey Hall of Fame),2024-05-28 09:00:00,0,3,3,Overflow Risk,3,Remove bikes from station,4.1588830833596715,Low
Fort York  Blvd / Capreol Ct,2024-03-27 08:00:00,3,0,-3,Shortage Risk,3,Deliver bikes to station,4.1588830833596715,Low
Fort York  Blvd / Capreol Ct,2024-03-27 17:00:00,0,3,3,Overflow Risk,3,Remove bikes from station,4.1588830833596715,Low
Fort York  Blvd / Capreol Ct,2024-04-19 19:00:00,0,3,3,Overflow Risk,3,Remove bikes from station,4.1588830833596715,Low
Fort York  Blvd / Capreol Ct,2024-05-12 13:00:00,0,3,3,Overflow Risk,3,Remove bikes from station,4.1588830833596715,Low
Fort York  Blvd / Capreol Ct,2024-05-21 18:00:00,0,3,3,Overflow Risk,3,Remove bikes from station,4.1588830833596715,Low
Fort York  Blvd / Capreol Ct,2024-06-06 17:00:00,3,0,-3,Shortage Risk,3,Deliver bikes to station,4.1588830833596715,Low
Front St W / University Ave (2),2022-04-26 07:00:00,0,3,3,Overflow Risk,3,Remove bikes from station,4.1588830833596715,Low
Dundas St W / Crawford St,2024-06-05 18:00:00,3,0,-3,Shortage Risk,3,Deliver bikes to station,4.1588830833596715,Low
Dundas St W / Crawford St,2024-06-06 11:00:00,3,0,-3,Shortage Risk,3,Deliver bikes to station,4.1588830833596715,Low
Dundas St W / Crawford St,2024-06-07 21:00:00,0,3,3,Overflow Risk,3,Remove bikes from station,4.1588830833596715,Low
Dundas St W / Crawford St,2024-06-08 13:00:00,0,3,3,Overflow Risk,3,Remove bikes from station,4.1588830833596715,Low
Dundas St W / Crawford St,2024-06-08 15:00:00,0,3,3,Overflow Risk,3,Remove bikes from station,4.1588830833596715,Low
Dundas St W / Crawford St,2024-06-09 13:00:00,0,3,3,Overflow Risk,3,Remove bikes from station,4.1588830833596715,Low
Dundas St W / St. Patrick St,2024-06-04 17:00:00,3,0,-3,Shortage Risk,3,Deliver bikes to station,4.1588830833596715,Low
Dundas St W / St. Patrick St,2024-06-06 17:00:00,3,0,-3,Shortage Risk,3,Deliver bikes to station,4.1588830833596715,Low
Dundas St W / Yonge St,2022-03-22 14:00:00,0,3,3,Overflow Risk,3,Remove bikes from station,4.1588830833596715,Low
Fleet St / Bathurst St,2024-03-13 17:00:00,0,3,3,Overflow Risk,3,Remove bikes from station,4.1588830833596715,Low
Dundas St W / Yonge St,2022-12-20 17:00:00,0,3,3,Overflow Risk,3,Remove bikes from station,4.1588830833596715,Low
Dundas St W / Yonge St,2024-03-13 19:00:00,0,3,3,Overflow Risk,3,Remove bikes from station,4.1588830833596715,Low
Dundas St W / Yonge St,2024-04-29 16:00:00,3,0,-3,Shortage Risk,3,Deliver bikes to station,4.1588830833596715,Low
Dundas St W / Yonge St,2024-05-14 19:00:00,3,0,-3,Shortage Risk,3,Deliver bikes to station,4.1588830833596715,Low
Dundas St E / Regent Park Blvd,2024-05-31 18:00:00,0,3,3,Overflow Risk,3,Remove bikes from station,4.1588830833596715,Low
Dundas St E / Regent Park Blvd,2024-06-12 18:00:00,3,0,-3,Shortage Risk,3,Deliver bikes to station,4.1588830833596715,Low
Dundas St E / River St,2024-04-26 12:00:00,3,0,-3,Shortage Risk,3,Deliver bikes to station,4.1588830833596715,Low
Dundas St E / River St,2024-05-09 07:00:00,3,0,-3,Shortage Risk,3,Deliver bikes to station,4.1588830833596715,Low
Dundas St E / River St,2024-05-29 15:00:00,0,3,3,Overflow Risk,3,Remove bikes from station,4.1588830833596715,Low
Dundas St W / Yonge St,2022-09-14 20:00:00,3,0,-3,Shortage Risk,3,Deliver bikes to station,4.1588830833596715,Low
Fleet St / Bathurst St,2024-05-23 17:00:00,0,3,3,Overflow Risk,3,Remove bikes from station,4.1588830833596715,Low
Fleet St / Bathurst St,2024-05-27 17:00:00,3,0,-3,Shortage Risk,3,Deliver bikes to station,4.1588830833596715,Low
Fleet St / Bathurst St,2024-05-29 17:00:00,0,3,3,Overflow Risk,3,Remove bikes from station,4.1588830833596715,Low
Fleet St / Garrison Rd (Fort York),2022-09-09 23:00:00,3,0,-3,Shortage Risk,3,Deliver bikes to station,4.1588830833596715,Low
Fleet St / Garrison Rd (Fort York),2022-09-10 23:00:00,3,0,-3,Shortage Risk,3,Deliver bikes to station,4.1588830833596715,Low
Fort York  Blvd / Capreol Ct,2022-07-01 18:00:00,3,0,-3,Shortage Risk,3,Deliver bikes to station,4.1588830833596715,Low
Fort York  Blvd / Capreol Ct,2022-09-02 18:00:00,0,3,3,Overflow Risk,3,Remove bikes from station,4.1588830833596715,Low
Dundas St W / Yonge St,2024-05-19 13:00:00,0,3,3,Overflow Risk,3,Remove bikes from station,4.1588830833596715,Low
Dundas St W / Yonge St,2024-06-05 18:00:00,0,3,3,Overflow Risk,3,Remove bikes from station,4.1588830833596715,Low
Elm St/ University Ave (East Side),2024-03-13 16:00:00,3,0,-3,Shortage Risk,3,Deliver bikes to station,4.1588830833596715,Low
Dundonald St / Church St,2024-05-29 16:00:00,3,0,-3,Shortage Risk,3,Deliver bikes to station,4.1588830833596715,Low
East Liberty St / Western Battery Rd,2024-05-11 12:00:00,3,0,-3,Shortage Risk,3,Deliver bikes to station,4.1588830833596715,Low
Edward St / Yonge St,2022-08-17 08:00:00,0,3,3,Overflow Risk,3,Remove bikes from station,4.1588830833596715,Low
Edward St / Yonge St,2024-05-18 16:00:00,3,0,-3,Shortage Risk,3,Deliver bikes to station,4.1588830833596715,Low
Edward St / Yonge St,2024-05-29 08:00:00,0,3,3,Overflow Risk,3,Remove bikes from station,4.1588830833596715,Low
Elizabeth St / Edward St (Bus Terminal),2024-06-10 17:00:00,0,3,3,Overflow Risk,3,Remove bikes from station,4.1588830833596715,Low
Elizabeth St / Elm St,2024-05-10 17:00:00,3,0,-3,Shortage Risk,3,Deliver bikes to station,4.1588830833596715,Low
Elizabeth St / Elm St,2024-05-30 18:00:00,3,0,-3,Shortage Risk,3,Deliver bikes to station,4.1588830833596715,Low
Elizabeth St / Elm St,2024-06-10 15:00:00,0,3,3,Overflow Risk,3,Remove bikes from station,4.1588830833596715,Low
Elm St/ University Ave (East Side),2022-09-01 08:00:00,0,3,3,Overflow Risk,3,Remove bikes from station,4.1588830833596715,Low
Dundonald St / Church St,2024-05-21 08:00:00,3,0,-3,Shortage Risk,3,Deliver bikes to station,4.1588830833596715,Low
Isabella St / Church St,2024-05-26 12:00:00,3,0,-3,Shortage Risk,3,Deliver bikes to station,4.1588830833596715,Low
Jameson Ave / Queen St W,2024-06-01 16:00:00,0,3,3,Overflow Risk,3,Remove bikes from station,4.1588830833596715,Low
Jarvis St / Carlton St,2024-06-06 08:00:00,3,0,-3,Shortage Risk,3,Deliver bikes to station,4.1588830833596715,Low
Jarvis St / Dundas St E,2022-08-06 14:00:00,0,3,3,Overflow Risk,3,Remove bikes from station,4.1588830833596715,Low
Jarvis St / Dundas St E,2022-08-10 16:00:00,3,0,-3,Shortage Risk,3,Deliver bikes to station,4.1588830833596715,Low
Jarvis St / Dundas St E,2022-08-16 23:00:00,0,3,3,Overflow Risk,3,Remove bikes from station,4.1588830833596715,Low
Housey St / Dan Leckie Way,2024-01-23 08:00:00,0,3,3,Overflow Risk,3,Remove bikes from station,4.1588830833596715,Low
Housey St / Dan Leckie Way,2024-02-27 08:00:00,3,0,-3,Shortage Risk,3,Deliver bikes to station,4.1588830833596715,Low
Humber Bay Shores Park / Marine Parade Dr,2022-05-14 23:00:00,0,3,3,Overflow Risk,3,Remove bikes from station,4.1588830833596715,Low
Front St E / Bayview Avenue,2024-06-04 07:00:00,3,0,-3,Shortage Risk,3,Deliver bikes to station,4.1588830833596715,Low
Humber Bay Shores Park / Marine Parade Dr,2022-07-17 18:00:00,3,0,-3,Shortage Risk,3,Deliver bikes to station,4.1588830833596715,Low
Humber Bay Shores Park / Marine Parade Dr,2022-07-28 19:00:00,3,0,-3,Shortage Risk,3,Deliver bikes to station,4.1588830833596715,Low
Humber Bay Shores Park / Marine Parade Dr,2022-07-28 20:00:00,0,3,3,Overflow Risk,3,Remove bikes from station,4.1588830833596715,Low
Humber Bay Shores Park / Marine Parade Dr,2022-08-01 16:00:00,0,3,3,Overflow Risk,3,Remove bikes from station,4.1588830833596715,Low
Humber Bay Shores Park / Marine Parade Dr,2024-04-06 19:00:00,3,0,-3,Shortage Risk,3,Deliver bikes to station,4.1588830833596715,Low
Humber Bay Shores Park / Marine Parade Dr,2024-05-10 17:00:00,3,0,-3,Shortage Risk,3,Deliver bikes to station,4.1588830833596715,Low
Humber Bay Shores Park / Marine Parade Dr,2024-05-18 18:00:00,3,0,-3,Shortage Risk,3,Deliver bikes to station,4.1588830833596715,Low
Humber Bay Shores Park / Marine Parade Dr,2024-05-19 14:00:00,0,3,3,Overflow Risk,3,Remove bikes from station,4.1588830833596715,Low
Humber Bay Shores Park / Marine Parade Dr,2024-06-09 19:00:00,0,3,3,Overflow Risk,3,Remove bikes from station,4.1588830833596715,Low
Humber Bay Shores Park / Marine Parade Dr,2022-05-28 17:00:00,0,3,3,Overflow Risk,3,Remove bikes from station,4.1588830833596715,Low
Jarvis St / Maitland Pl,2024-03-27 08:00:00,3,0,-3,Shortage Risk,3,Deliver bikes to station,4.1588830833596715,Low
Jarvis St / Maitland Pl,2024-06-04 18:00:00,0,3,3,Overflow Risk,3,Remove bikes from station,4.1588830833596715,Low
Jarvis St / Richmond St E,2022-09-28 18:00:00,3,0,-3,Shortage Risk,3,Deliver bikes to station,4.1588830833596715,Low
Jarvis St / Richmond St E,2024-04-10 18:00:00,3,0,-3,Shortage Risk,3,Deliver bikes to station,4.1588830833596715,Low
Jarvis St / Richmond St E,2024-04-23 19:00:00,0,3,3,Overflow Risk,3,Remove bikes from station,4.1588830833596715,Low
Jarvis St / Richmond St E,2024-05-23 11:00:00,3,0,-3,Shortage Risk,3,Deliver bikes to station,4.1588830833596715,Low
Jimmie Simpson Park (Queen St E),2024-05-29 08:00:00,3,0,-3,Shortage Risk,3,Deliver bikes to station,4.1588830833596715,Low
Joe Shuster Way / King St W,2024-02-29 17:00:00,3,0,-3,Shortage Risk,3,Deliver bikes to station,4.1588830833596715,Low
Joe Shuster Way / King St W,2024-04-20 16:00:00,3,0,-3,Shortage Risk,3,Deliver bikes to station,4.1588830833596715,Low
Isabella St / Church St,2022-06-06 15:00:00,0,3,3,Overflow Risk,3,Remove bikes from station,4.1588830833596715,Low
Joe Shuster Way / King St W,2024-06-04 20:00:00,0,3,3,Overflow Risk,3,Remove bikes from station,4.1588830833596715,Low
John St  / Mercer St - SMART,2024-01-03 18:00:00,0,3,3,Overflow Risk,3,Remove bikes from station,4.1588830833596715,Low
John St  / Mercer St - SMART,2024-01-10 17:00:00,3,0,-3,Shortage Risk,3,Deliver bikes to station,4.1588830833596715,Low
Humber Bay Shores Park East,2024-05-11 14:00:00,3,0,-3,Shortage Risk,3,Deliver bikes to station,4.1588830833596715,Low
Humber Bay Shores Park East,2024-05-19 14:00:00,0,3,3,Overflow Risk,3,Remove bikes from station,4.1588830833596715,Low
Humber Bay Shores Park West,2024-05-04 14:00:00,0,3,3,Overflow Risk,3,Remove bikes from station,4.1588830833596715,Low
Huron St / Harbord St,2024-02-07 18:00:00,0,3,3,Overflow Risk,3,Remove bikes from station,4.1588830833596715,Low
Huron St / Harbord St,2024-02-16 16:00:00,3,0,-3,Shortage Risk,3,Deliver bikes to station,4.1588830833596715,Low
Huron St / Harbord St,2024-04-21 13:00:00,0,3,3,Overflow Risk,3,Remove bikes from station,4.1588830833596715,Low
Joe Shuster Way / King St W,2024-05-19 13:00:00,3,0,-3,Shortage Risk,3,Deliver bikes to station,4.1588830833596715,Low
HTO Park (Queens Quay W),2022-08-21 11:00:00,0,3,3,Overflow Risk,3,Remove bikes from station,4.1588830833596715,Low
HTO Park (Queens Quay W),2024-04-15 18:00:00,0,3,3,Overflow Risk,3,Remove bikes from station,4.1588830833596715,Low
HTO Park (Queens Quay W),2024-05-08 17:00:00,0,3,3,Overflow Risk,3,Remove bikes from station,4.1588830833596715,Low
HTO Park (Queens Quay W),2024-05-18 18:00:00,0,3,3,Overflow Risk,3,Remove bikes from station,4.1588830833596715,Low
Front St W / Yonge St (Hockey Hall of Fame),2024-06-13 09:00:00,0,3,3,Overflow Risk,3,Remove bikes from station,4.1588830833596715,Low
Front St W / Yonge St (Hockey Hall of Fame),2025-06-07 17:00:00,0,3,3,Overflow Risk,3,Remove bikes from station,4.1588830833596715,Low
Galbraith Rd / King's College Rd,2024-01-23 09:00:00,0,3,3,Overflow Risk,3,Remove bikes from station,4.1588830833596715,Low
George St / King St E,2022-08-29 16:00:00,0,3,3,Overflow Risk,3,Remove bikes from station,4.1588830833596715,Low
Gerrard Square Mall (1010 Gerrard St E),2024-05-19 15:00:00,3,0,-3,Shortage Risk,3,Deliver bikes to station,4.1588830833596715,Low
Humber Bay Shores Park / Marine Parade Dr,2024-06-12 18:00:00,0,3,3,Overflow Risk,3,Remove bikes from station,4.1588830833596715,Low
Gibraltar Point Beach,2025-08-03 19:00:00,3,0,-3,Shortage Risk,3,Deliver bikes to station,4.1588830833596715,Low
Gibraltar Point Beach,2025-08-03 20:00:00,0,3,3,Overflow Risk,3,Remove bikes from station,4.1588830833596715,Low
Gibraltar Point Beach,2025-08-04 10:00:00,3,0,-3,Shortage Risk,3,Deliver bikes to station,4.1588830833596715,Low
Gould St / Mutual St,2024-03-04 15:00:00,3,0,-3,Shortage Risk,3,Deliver bikes to station,4.1588830833596715,Low
Gould St / Mutual St,2024-04-04 15:00:00,0,3,3,Overflow Risk,3,Remove bikes from station,4.1588830833596715,Low
Gould St / Mutual St,2024-04-22 15:00:00,3,0,-3,Shortage Risk,3,Deliver bikes to station,4.1588830833596715,Low
Gould St / Mutual St,2024-05-24 17:00:00,3,0,-3,Shortage Risk,3,Deliver bikes to station,4.1588830833596715,Low
Gould St / Yonge St (Ryerson University),2022-08-11 13:00:00,3,0,-3,Shortage Risk,3,Deliver bikes to station,4.1588830833596715,Low
Frederick St / King St E,2024-06-12 13:00:00,0,3,3,Overflow Risk,3,Remove bikes from station,4.1588830833596715,Low
Gerrard St E / River St,2024-05-20 16:00:00,3,0,-3,Shortage Risk,3,Deliver bikes to station,4.1588830833596715,Low
HTO Park (Queens Quay W),2024-05-31 19:00:00,3,0,-3,Shortage Risk,3,Deliver bikes to station,4.1588830833596715,Low
HTO Park West,2024-05-28 21:00:00,0,3,3,Overflow Risk,3,Remove bikes from station,4.1588830833596715,Low
Hanlan's Point Beach,2025-06-22 15:00:00,3,0,-3,Shortage Risk,3,Deliver bikes to station,4.1588830833596715,Low
Hanlan's Point Beach,2025-08-24 16:00:00,3,0,-3,Shortage Risk,3,Deliver bikes to station,4.1588830833596715,Low
Hanlan's Point Beach,2025-08-24 17:00:00,0,3,3,Overflow Risk,3,Remove bikes from station,4.1588830833596715,Low
Hanlan's Point Ferry Dock,2025-07-22 12:00:00,3,0,-3,Shortage Risk,3,Deliver bikes to station,4.1588830833596715,Low
Hanlan's Point Ferry Dock,2025-07-25 16:00:00,0,3,3,Overflow Risk,3,Remove bikes from station,4.1588830833596715,Low
Hanlan's Point Ferry Dock,2025-08-04 19:00:00,3,0,-3,Shortage Risk,3,Deliver bikes to station,4.1588830833596715,Low
Hayter St / La Plante Ave,2024-06-05 09:00:00,0,3,3,Overflow Risk,3,Remove bikes from station,4.1588830833596715,Low
HTO Park (Queens Quay W),2022-08-20 16:00:00,0,3,3,Overflow Risk,3,Remove bikes from station,4.1588830833596715,Low
High Park Ave / Dundas St W,2022-07-20 17:00:00,3,0,-3,Shortage Risk,3,Deliver bikes to station,4.1588830833596715,Low
Gould St / Yonge St (Ryerson University),2022-12-07 17:00:00,3,0,-3,Shortage Risk,3,Deliver bikes to station,4.1588830833596715,Low
Grand Avenue Park,2025-05-31 22:00:00,3,0,-3,Shortage Risk,3,Deliver bikes to station,4.1588830833596715,Low
HTO Park (Queens Quay W),2022-04-24 19:00:00,0,3,3,Overflow Risk,3,Remove bikes from station,4.1588830833596715,Low
HTO Park (Queens Quay W),2022-05-28 13:00:00,0,3,3,Overflow Risk,3,Remove bikes from station,4.1588830833596715,Low
HTO Park (Queens Quay W),2022-06-08 17:00:00,3,0,-3,Shortage Risk,3,Deliver bikes to station,4.1588830833596715,Low
HTO Park (Queens Quay W),2022-06-19 14:00:00,0,3,3,Overflow Risk,3,Remove bikes from station,4.1588830833596715,Low
HTO Park (Queens Quay W),2022-08-04 14:00:00,0,3,3,Overflow Risk,3,Remove bikes from station,4.1588830833596715,Low
HTO Park (Queens Quay W),2022-08-06 19:00:00,0,3,3,Overflow Risk,3,Remove bikes from station,4.1588830833596715,Low
HTO Park (Queens Quay W),2022-08-20 12:00:00,0,3,3,Overflow Risk,3,Remove bikes from station,4.1588830833596715,Low
High Park Amphitheatre,2024-05-18 19:00:00,0,3,3,Overflow Risk,3,Remove bikes from station,4.1588830833596715,Low
Church St  / Wood St,2025-12-17 17:00:00,0,3,3,Overflow Risk,3,Remove bikes from station,4.1588830833596715,Low
Church St / Alexander St,2024-05-14 08:00:00,3,0,-3,Shortage Risk,3,Deliver bikes to station,4.1588830833596715,Low
Church St / Alexander St,2024-05-27 18:00:00,0,3,3,Overflow Risk,3,Remove bikes from station,4.1588830833596715,Low
Church St / Bloor St E,2024-03-21 08:00:00,0,3,3,Overflow Risk,3,Remove bikes from station,4.1588830833596715,Low
Church St / Bloor St E,2024-05-17 08:00:00,3,0,-3,Shortage Risk,3,Deliver bikes to station,4.1588830833596715,Low
Centre Island Ferry Dock,2025-09-01 15:00:00,0,3,3,Overflow Risk,3,Remove bikes from station,4.1588830833596715,Low
Charles St W / Balmuto St - SMART,2022-08-06 13:00:00,3,0,-3,Shortage Risk,3,Deliver bikes to station,4.1588830833596715,Low
Charles St W / Balmuto St - SMART,2022-08-08 20:00:00,3,0,-3,Shortage Risk,3,Deliver bikes to station,4.1588830833596715,Low
Charles St W / Balmuto St - SMART,2022-08-15 17:00:00,3,0,-3,Shortage Risk,3,Deliver bikes to station,4.1588830833596715,Low
Dundas St E / River St,2024-06-05 17:00:00,3,0,-3,Shortage Risk,3,Deliver bikes to station,4.1588830833596715,Low
Cherry Beach,2024-03-12 16:00:00,3,0,-3,Shortage Risk,3,Deliver bikes to station,4.1588830833596715,Low
Cherry Beach,2025-06-14 19:00:00,0,3,3,Overflow Risk,3,Remove bikes from station,4.1588830833596715,Low
Cherry Beach Sports Fields (55 Unwin Ave),2024-05-20 18:00:00,0,3,3,Overflow Risk,3,Remove bikes from station,4.1588830833596715,Low
Cherry St / Distillery Ln,2022-06-12 19:00:00,0,3,3,Overflow Risk,3,Remove bikes from station,4.1588830833596715,Low
Cherry St / Distillery Ln,2024-05-18 13:00:00,0,3,3,Overflow Risk,3,Remove bikes from station,4.1588830833596715,Low
Cherry St / Distillery Ln,2024-06-12 18:00:00,3,0,-3,Shortage Risk,3,Deliver bikes to station,4.1588830833596715,Low
Cherry St / Lake Shore Blvd E,2024-05-19 14:00:00,0,3,3,Overflow Risk,3,Remove bikes from station,4.1588830833596715,Low
Centre Island Ferry Dock,2025-08-16 18:00:00,3,0,-3,Shortage Risk,3,Deliver bikes to station,4.1588830833596715,Low
Centre Island Ferry Dock,2025-08-17 13:00:00,3,0,-3,Shortage Risk,3,Deliver bikes to station,4.1588830833596715,Low
Cherry Beach,2022-08-14 15:00:00,0,3,3,Overflow Risk,3,Remove bikes from station,4.1588830833596715,Low
Claremont St / Dundas St W,2024-04-19 18:00:00,0,3,3,Overflow Risk,3,Remove bikes from station,4.1588830833596715,Low
Claremont St / Dundas St W,2025-12-06 11:00:00,3,0,-3,Shortage Risk,3,Deliver bikes to station,4.1588830833596715,Low
Clarence Square,2022-06-14 17:00:00,3,0,-3,Shortage Risk,3,Deliver bikes to station,4.1588830833596715,Low
Clarence Square,2022-07-30 15:00:00,0,3,3,Overflow Risk,3,Remove bikes from station,4.1588830833596715,Low
Clarence Square,2024-05-01 18:00:00,3,0,-3,Shortage Risk,3,Deliver bikes to station,4.1588830833596715,Low
Clarence Square,2024-05-10 18:00:00,0,3,3,Overflow Risk,3,Remove bikes from station,4.1588830833596715,Low
Colgate Ave / Carlaw Ave,2024-05-29 17:00:00,3,0,-3,Shortage Risk,3,Deliver bikes to station,4.1588830833596715,Low
College Park - Gerrard Entrance,2024-01-02 20:00:00,3,0,-3,Shortage Risk,3,Deliver bikes to station,4.1588830833596715,Low
College Park - Gerrard Entrance,2024-05-18 23:00:00,3,0,-3,Shortage Risk,3,Deliver bikes to station,4.1588830833596715,Low
Church St  / Wood St,2024-05-28 16:00:00,0,3,3,Overflow Risk,3,Remove bikes from station,4.1588830833596715,Low
College Park - Yonge St Entrance,2022-05-31 18:00:00,3,0,-3,Shortage Risk,3,Deliver bikes to station,4.1588830833596715,Low
College Park - Yonge St Entrance,2022-07-26 19:00:00,3,0,-3,Shortage Risk,3,Deliver bikes to station,4.1588830833596715,Low
College Park - Yonge St Entrance,2024-01-10 17:00:00,0,3,3,Overflow Risk,3,Remove bikes from station,4.1588830833596715,Low
Cherry St / Lake Shore Blvd E,2024-06-12 23:00:00,3,0,-3,Shortage Risk,3,Deliver bikes to station,4.1588830833596715,Low
Church St  / Wood St,2022-07-30 23:00:00,3,0,-3,Shortage Risk,3,Deliver bikes to station,4.1588830833596715,Low
Church St  / Wood St,2022-09-08 22:00:00,0,3,3,Overflow Risk,3,Remove bikes from station,4.1588830833596715,Low
Church St  / Wood St,2024-03-13 16:00:00,0,3,3,Overflow Risk,3,Remove bikes from station,4.1588830833596715,Low
Church St  / Wood St,2024-03-19 09:00:00,3,0,-3,Shortage Risk,3,Deliver bikes to station,4.1588830833596715,Low
Church St  / Wood St,2024-04-19 19:00:00,0,3,3,Overflow Risk,3,Remove bikes from station,4.1588830833596715,Low
College Park - Gerrard Entrance,2024-05-23 16:00:00,3,0,-3,Shortage Risk,3,Deliver bikes to station,4.1588830833596715,Low
York St / Queens Quay W,2024-06-01 19:00:00,3,0,-3,Shortage Risk,3,Deliver bikes to station,4.1588830833596715,High
York St / Queens Quay W,2024-06-10 08:00:00,0,3,3,Overflow Risk,3,Remove bikes from station,4.1588830833596715,High
York St / Queens Quay W,2024-06-12 17:00:00,3,0,-3,Shortage Risk,3,Deliver bikes to station,4.1588830833596715,High
York St / Queens Quay W,2024-06-13 18:00:00,0,3,3,Overflow Risk,3,Remove bikes from station,4.1588830833596715,High
York St / Queens Quay W,2025-07-20 16:00:00,3,0,-3,Shortage Risk,3,Deliver bikes to station,4.1588830833596715,High
York St / Queens Quay W,2024-05-16 08:00:00,0,3,3,Overflow Risk,3,Remove bikes from station,4.1588830833596715,High
York St / Queens Quay W,2024-05-19 17:00:00,3,0,-3,Shortage Risk,3,Deliver bikes to station,4.1588830833596715,High
York St / Queens Quay W,2022-06-19 18:00:00,0,3,3,Overflow Risk,3,Remove bikes from station,4.1588830833596715,High
285 Victoria St,2024-05-17 19:00:00,3,0,-3,Shortage Risk,3,Deliver bikes to station,4.1588830833596715,Low
Centre Island Ferry Dock,2025-08-24 10:00:00,3,0,-3,Shortage Risk,3,Deliver bikes to station,4.1588830833596715,Low
1525 Dundas St W,2024-02-10 13:00:00,0,3,3,Overflow Risk,3,Remove bikes from station,4.1588830833596715,Low
144 Harrison St,2024-06-10 18:00:00,0,3,3,Overflow Risk,3,Remove bikes from station,4.1588830833596715,Low
14 Arundel Ave,2024-06-10 17:00:00,0,3,3,Overflow Risk,3,Remove bikes from station,4.1588830833596715,Low
12 Harbour St,2022-12-09 09:00:00,3,0,-3,Shortage Risk,3,Deliver bikes to station,4.1588830833596715,Low
12 Harbour St,2022-08-11 17:00:00,3,0,-3,Shortage Risk,3,Deliver bikes to station,4.1588830833596715,Low
11 Spadina Rd,2024-03-27 08:00:00,3,0,-3,Shortage Risk,3,Deliver bikes to station,4.1588830833596715,Low
1 Market St,2024-05-31 13:00:00,0,3,3,Overflow Risk,3,Remove bikes from station,4.1588830833596715,Low
York St / Wellington St W (1),2024-06-04 08:00:00,0,3,3,Overflow Risk,3,Remove bikes from station,4.1588830833596715,High
324 Cherry St,2022-07-09 11:00:00,0,3,3,Overflow Risk,3,Remove bikes from station,4.1588830833596715,Low
25 York St â Union Station South,2022-10-18 18:00:00,3,0,-3,Shortage Risk,3,Deliver bikes to station,4.1588830833596715,Low
Centre Island Ferry Dock,2025-08-24 19:00:00,0,3,3,Overflow Risk,3,Remove bikes from station,4.1588830833596715,Low
Centre Island Ferry Dock,2025-08-27 18:00:00,3,0,-3,Shortage Risk,3,Deliver bikes to station,4.1588830833596715,Low
Centre Island Ferry Dock,2025-08-12 15:00:00,0,3,3,Overflow Risk,3,Remove bikes from station,4.1588830833596715,Low
Centre Island Ferry Dock,2025-07-19 18:00:00,3,0,-3,Shortage Risk,3,Deliver bikes to station,4.1588830833596715,Low
Centre Island Ferry Dock,2025-07-20 20:00:00,0,3,3,Overflow Risk,3,Remove bikes from station,4.1588830833596715,Low
Centre Island Ferry Dock,2025-07-21 21:00:00,0,3,3,Overflow Risk,3,Remove bikes from station,4.1588830833596715,Low
Centre Island Ferry Dock,2025-08-30 20:00:00,0,3,3,Overflow Risk,3,Remove bikes from station,4.1588830833596715,Low
Centre Island Ferry Dock,2025-08-31 11:00:00,3,0,-3,Shortage Risk,3,Deliver bikes to station,4.1588830833596715,Low
Centre Island Ferry Dock,2025-07-28 17:00:00,3,0,-3,Shortage Risk,3,Deliver bikes to station,4.1588830833596715,Low
York St / Queens Quay W,2024-05-29 19:00:00,3,0,-3,Shortage Risk,3,Deliver bikes to station,4.1588830833596715,High
Centre Island Ferry Dock,2025-07-30 14:00:00,3,0,-3,Shortage Risk,3,Deliver bikes to station,4.1588830833596715,Low
Centre Island Ferry Dock,2025-07-30 21:00:00,0,3,3,Overflow Risk,3,Remove bikes from station,4.1588830833596715,Low
Centre Island Ferry Dock,2025-08-03 15:00:00,3,0,-3,Shortage Risk,3,Deliver bikes to station,4.1588830833596715,Low
Centre Island Ferry Dock,2025-08-05 19:00:00,3,0,-3,Shortage Risk,3,Deliver bikes to station,4.1588830833596715,Low
457 King St W,2024-05-27 18:00:00,3,0,-3,Shortage Risk,3,Deliver bikes to station,4.1588830833596715,Low
York St / Queens Quay W,2024-04-10 19:00:00,0,3,3,Overflow Risk,3,Remove bikes from station,4.1588830833596715,High
800 Fleet St (North),2024-05-05 10:00:00,0,3,3,Overflow Risk,3,Remove bikes from station,4.1588830833596715,Low
Adelaide St W / Bay St,2025-12-01 08:00:00,0,3,3,Overflow Risk,3,Remove bikes from station,4.1588830833596715,Low
York St / Queens Quay W,2024-05-21 21:00:00,0,3,3,Overflow Risk,3,Remove bikes from station,4.1588830833596715,High
York St / Queens Quay W,2024-05-24 23:00:00,3,0,-3,Shortage Risk,3,Deliver bikes to station,4.1588830833596715,High
Centre Island Ferry Dock,2025-07-29 11:00:00,3,0,-3,Shortage Risk,3,Deliver bikes to station,4.1588830833596715,Low
College St / Markham St,2024-06-05 18:00:00,3,0,-3,Shortage Risk,3,Deliver bikes to station,4.1588830833596715,Low
Coronation Park (Martin Goodman Trail),2024-02-21 17:00:00,0,3,3,Overflow Risk,3,Remove bikes from station,4.1588830833596715,Low
Coronation Park (Martin Goodman Trail),2024-05-04 10:00:00,3,0,-3,Shortage Risk,3,Deliver bikes to station,4.1588830833596715,Low
Coronation Park (Martin Goodman Trail),2024-05-05 19:00:00,3,0,-3,Shortage Risk,3,Deliver bikes to station,4.1588830833596715,Low
Coronation Park (Martin Goodman Trail),2024-05-29 14:00:00,3,0,-3,Shortage Risk,3,Deliver bikes to station,4.1588830833596715,Low
Crawford St / Queen St W,2022-09-09 17:00:00,3,0,-3,Shortage Risk,3,Deliver bikes to station,4.1588830833596715,Low
D'Arcy St / Spadina Ave - SMART,2022-09-08 12:00:00,0,3,3,Overflow Risk,3,Remove bikes from station,4.1588830833596715,Low
Dalton Rd / Bloor St W,2022-09-14 17:00:00,3,0,-3,Shortage Risk,3,Deliver bikes to station,4.1588830833596715,Low
Dalton Rd / Bloor St W,2024-05-29 16:00:00,0,3,3,Overflow Risk,3,Remove bikes from station,4.1588830833596715,Low
Church St / The Esplanade,2024-06-12 07:00:00,3,0,-3,Shortage Risk,3,Deliver bikes to station,4.1588830833596715,Low
Danforth Ave / Lamb Ave,2024-04-09 19:00:00,3,0,-3,Shortage Risk,3,Deliver bikes to station,4.1588830833596715,Low
Danforth Ave / Lamb Ave,2024-05-31 19:00:00,3,0,-3,Shortage Risk,3,Deliver bikes to station,4.1588830833596715,Low
Dufferin St / Queen St W,2024-05-19 16:00:00,0,3,3,Overflow Risk,3,Remove bikes from station,4.1588830833596715,Low
Dufferin St / Sylvan Av (Dufferin Grove Park),2024-05-08 19:00:00,0,3,3,Overflow Risk,3,Remove bikes from station,4.1588830833596715,Low
College St / Major St,2024-05-07 17:00:00,0,3,3,Overflow Risk,3,Remove bikes from station,4.1588830833596715,Low
College St / Major St,2024-05-21 21:00:00,3,0,-3,Shortage Risk,3,Deliver bikes to station,4.1588830833596715,Low
College St / Major St,2024-06-04 18:00:00,0,3,3,Overflow Risk,3,Remove bikes from station,4.1588830833596715,Low
College St / Major St,2024-06-08 15:00:00,3,0,-3,Shortage Risk,3,Deliver bikes to station,4.1588830833596715,Low
College St / Major St,2024-06-10 19:00:00,0,3,3,Overflow Risk,3,Remove bikes from station,4.1588830833596715,Low
Dalton Rd / Bloor St W,2024-05-30 20:00:00,0,3,3,Overflow Risk,3,Remove bikes from station,4.1588830833596715,Low
Dundas St E / Victoria St,2022-07-12 11:00:00,0,3,3,Overflow Risk,3,Remove bikes from station,4.1588830833596715,Low
Dundas St E / Victoria St,2022-08-26 17:00:00,0,3,3,Overflow Risk,3,Remove bikes from station,4.1588830833596715,Low
Dundas St W / Crawford St,2022-06-08 17:00:00,3,0,-3,Shortage Risk,3,Deliver bikes to station,4.1588830833596715,Low
Dundas St W / Crawford St,2022-08-13 17:00:00,0,3,3,Overflow Risk,3,Remove bikes from station,4.1588830833596715,Low
Dundas St W / Crawford St,2024-03-25 18:00:00,3,0,-3,Shortage Risk,3,Deliver bikes to station,4.1588830833596715,Low
Dundas St W / Crawford St,2024-05-08 17:00:00,3,0,-3,Shortage Risk,3,Deliver bikes to station,4.1588830833596715,Low
Dundas St W / Crawford St,2024-05-09 08:00:00,3,0,-3,Shortage Risk,3,Deliver bikes to station,4.1588830833596715,Low
Dundas St W / Crawford St,2024-05-13 17:00:00,0,3,3,Overflow Risk,3,Remove bikes from station,4.1588830833596715,Low
Dundas St E / George St,2024-06-13 18:00:00,3,0,-3,Shortage Risk,3,Deliver bikes to station,4.1588830833596715,Low
Dundas St E / Regent Park Blvd,2024-05-22 08:00:00,3,0,-3,Shortage Risk,3,Deliver bikes to station,4.1588830833596715,Low
Dundas St E / Parliament St,2024-05-07 10:00:00,3,0,-3,Shortage Risk,3,Deliver bikes to station,4.1588830833596715,Low
Dundas St E / Regent Park Blvd,2022-07-17 13:00:00,0,3,3,Overflow Risk,3,Remove bikes from station,4.1588830833596715,Low
Dundas St E / Regent Park Blvd,2022-10-21 08:00:00,3,0,-3,Shortage Risk,3,Deliver bikes to station,4.1588830833596715,Low
Dundas St E / Regent Park Blvd,2024-01-31 08:00:00,3,0,-3,Shortage Risk,3,Deliver bikes to station,4.1588830833596715,Low
Dundas St E / Regent Park Blvd,2024-02-07 13:00:00,0,3,3,Overflow Risk,3,Remove bikes from station,4.1588830833596715,Low
Dundas St E / Regent Park Blvd,2024-02-26 18:00:00,0,3,3,Overflow Risk,3,Remove bikes from station,4.1588830833596715,Low
Dundas St E / Regent Park Blvd,2024-02-27 08:00:00,3,0,-3,Shortage Risk,3,Deliver bikes to station,4.1588830833596715,Low
Dundas St E / Regent Park Blvd,2024-04-14 17:00:00,3,0,-3,Shortage Risk,3,Deliver bikes to station,4.1588830833596715,Low
Dundas St E / Regent Park Blvd,2024-04-15 08:00:00,3,0,-3,Shortage Risk,3,Deliver bikes to station,4.1588830833596715,Low
Dundas St E / Parliament St,2024-05-01 16:00:00,0,3,3,Overflow Risk,3,Remove bikes from station,4.1588830833596715,Low
College St / Major St,2022-06-04 15:00:00,3,0,-3,Shortage Risk,3,Deliver bikes to station,4.1588830833596715,Low
College St / Major St,2024-03-31 12:00:00,3,0,-3,Shortage Risk,3,Deliver bikes to station,4.1588830833596715,Low
College St / Major St,2024-04-22 08:00:00,3,0,-3,Shortage Risk,3,Deliver bikes to station,4.1588830833596715,Low
College Park - Yonge St Entrance,2024-03-08 17:00:00,3,0,-3,Shortage Risk,3,Deliver bikes to station,4.1588830833596715,Low
College Park - Yonge St Entrance,2024-05-04 22:00:00,0,3,3,Overflow Risk,3,Remove bikes from station,4.1588830833596715,Low
College Park - Yonge St Entrance,2024-05-26 15:00:00,0,3,3,Overflow Risk,3,Remove bikes from station,4.1588830833596715,Low
College Park - Yonge St Entrance,2024-06-10 20:00:00,3,0,-3,Shortage Risk,3,Deliver bikes to station,4.1588830833596715,Low
College Park South,2022-07-06 17:00:00,3,0,-3,Shortage Risk,3,Deliver bikes to station,4.1588830833596715,Low
College Park South,2024-04-07 10:00:00,3,0,-3,Shortage Risk,3,Deliver bikes to station,4.1588830833596715,Low
College St / Major St,2024-06-11 15:00:00,3,0,-3,Shortage Risk,3,Deliver bikes to station,4.1588830833596715,Low
College Park- Gerrard Entrance,2022-05-28 12:00:00,0,3,3,Overflow Risk,3,Remove bikes from station,4.1588830833596715,Low
College Park- Gerrard Entrance,2022-06-08 17:00:00,3,0,-3,Shortage Risk,3,Deliver bikes to station,4.1588830833596715,Low
College Park- Gerrard Entrance,2022-09-30 16:00:00,3,0,-3,Shortage Risk,3,Deliver bikes to station,4.1588830833596715,Low
College St / Borden St,2024-06-08 12:00:00,0,3,3,Overflow Risk,3,Remove bikes from station,4.1588830833596715,Low
College St / Crawford St,2022-07-29 17:00:00,3,0,-3,Shortage Risk,3,Deliver bikes to station,4.1588830833596715,Low
College St / Crawford St,2024-03-14 08:00:00,3,0,-3,Shortage Risk,3,Deliver bikes to station,4.1588830833596715,Low
College St / Crawford St,2024-05-06 16:00:00,0,3,3,Overflow Risk,3,Remove bikes from station,4.1588830833596715,Low
Church St / Dundas St E - SMART,2024-02-20 10:00:00,0,3,3,Overflow Risk,3,Remove bikes from station,4.1588830833596715,Low
Church St / Lombard St,2022-06-24 13:00:00,0,3,3,Overflow Risk,3,Remove bikes from station,4.1588830833596715,Low
College Park South,2024-04-15 14:00:00,0,3,3,Overflow Risk,3,Remove bikes from station,4.1588830833596715,Low
College St / Markham St,2022-08-02 18:00:00,0,3,3,Overflow Risk,3,Remove bikes from station,4.1588830833596715,Low
College St / Markham St,2024-02-29 18:00:00,0,3,3,Overflow Risk,3,Remove bikes from station,4.1588830833596715,Low
College St / Markham St,2024-04-16 16:00:00,0,3,3,Overflow Risk,3,Remove bikes from station,4.1588830833596715,Low
Centre Island Ferry Dock,2025-07-25 12:00:00,0,3,3,Overflow Risk,3,Remove bikes from station,4.1588830833596715,Low
Centre Island Ferry Dock,2025-07-04 14:00:00,3,0,-3,Shortage Risk,3,Deliver bikes to station,4.1588830833596715,Low
Centre Island Ferry Dock,2025-07-05 09:00:00,3,0,-3,Shortage Risk,3,Deliver bikes to station,4.1588830833596715,Low
Centre Island Ferry Dock,2025-07-12 10:00:00,3,0,-3,Shortage Risk,3,Deliver bikes to station,4.1588830833596715,Low
Centre Island Ferry Dock,2025-07-12 14:00:00,0,3,3,Overflow Risk,3,Remove bikes from station,4.1588830833596715,Low
College St / Markham St,2024-05-22 17:00:00,0,3,3,Overflow Risk,3,Remove bikes from station,4.1588830833596715,Low
College St / Huron St,2024-06-05 18:00:00,0,3,3,Overflow Risk,3,Remove bikes from station,4.1588830833596715,Low
College St / Crawford St,2024-05-19 11:00:00,3,0,-3,Shortage Risk,3,Deliver bikes to station,4.1588830833596715,Low
College St / Henry St,2024-06-05 17:00:00,3,0,-3,Shortage Risk,3,Deliver bikes to station,4.1588830833596715,Low
College St / Henry St,2024-06-07 08:00:00,0,3,3,Overflow Risk,3,Remove bikes from station,4.1588830833596715,Low
College St / Huron St,2022-05-13 13:00:00,3,0,-3,Shortage Risk,3,Deliver bikes to station,4.1588830833596715,Low
College St / Huron St,2022-08-17 14:00:00,3,0,-3,Shortage Risk,3,Deliver bikes to station,4.1588830833596715,Low
College St / Huron St,2024-05-10 09:00:00,0,3,3,Overflow Risk,3,Remove bikes from station,4.1588830833596715,Low
College St / Huron St,2024-05-12 17:00:00,3,0,-3,Shortage Risk,3,Deliver bikes to station,4.1588830833596715,Low
College St / Huron St,2024-05-15 12:00:00,3,0,-3,Shortage Risk,3,Deliver bikes to station,4.1588830833596715,Low
College St / Huron St,2024-05-22 19:00:00,3,0,-3,Shortage Risk,3,Deliver bikes to station,4.1588830833596715,Low
College St / Huron St,2024-05-30 19:00:00,0,3,3,Overflow Risk,3,Remove bikes from station,4.1588830833596715,Low
College St / Markham St,2024-05-23 17:00:00,3,0,-3,Shortage Risk,3,Deliver bikes to station,4.1588830833596715,Low
Lake Shore Blvd W / Ontario Dr,2022-05-23 16:00:00,0,3,3,Overflow Risk,3,Remove bikes from station,4.1588830833596715,Medium
King St W / Portland St - SMART,2024-06-13 13:00:00,0,3,3,Overflow Risk,3,Remove bikes from station,4.1588830833596715,Medium
King St W / Stafford St,2024-06-12 08:00:00,3,0,-3,Shortage Risk,3,Deliver bikes to station,4.1588830833596715,Medium
King St W / Tecumseth St,2022-05-04 18:00:00,0,3,3,Overflow Risk,3,Remove bikes from station,4.1588830833596715,Medium
King St W / Tecumseth St,2022-08-10 18:00:00,3,0,-3,Shortage Risk,3,Deliver bikes to station,4.1588830833596715,Medium
King St W / York St,2022-07-20 18:00:00,3,0,-3,Shortage Risk,3,Deliver bikes to station,4.1588830833596715,Medium
King St W / York St,2022-08-13 23:00:00,3,0,-3,Shortage Risk,3,Deliver bikes to station,4.1588830833596715,Medium
King St W / York St,2024-05-21 17:00:00,3,0,-3,Shortage Risk,3,Deliver bikes to station,4.1588830833596715,Medium
King St W / York St,2024-06-06 16:00:00,3,0,-3,Shortage Risk,3,Deliver bikes to station,4.1588830833596715,Medium
Jarvis St / Dundas St E,2024-05-25 19:00:00,0,3,3,Overflow Risk,3,Remove bikes from station,4.1588830833596715,Low
Lake Shore Blvd E / Leslie St,2022-05-28 17:00:00,0,3,3,Overflow Risk,3,Remove bikes from station,4.1588830833596715,Medium
Lake Shore Blvd E / Leslie St,2022-06-25 16:00:00,3,0,-3,Shortage Risk,3,Deliver bikes to station,4.1588830833596715,Medium
Lake Shore Blvd E / Leslie St,2025-08-10 10:00:00,3,0,-3,Shortage Risk,3,Deliver bikes to station,4.1588830833596715,Medium
Lake Shore Blvd E / Leslie St,2025-08-10 11:00:00,0,3,3,Overflow Risk,3,Remove bikes from station,4.1588830833596715,Medium
Lake Shore Blvd W / Colborne Lodge Dr,2022-05-23 15:00:00,3,0,-3,Shortage Risk,3,Deliver bikes to station,4.1588830833596715,Medium
King St W / Charlotte St,2024-04-25 13:00:00,3,0,-3,Shortage Risk,3,Deliver bikes to station,4.1588830833596715,Medium
King St W / Charlotte St,2024-05-04 14:00:00,0,3,3,Overflow Risk,3,Remove bikes from station,4.1588830833596715,Medium
King St W / Charlotte St,2024-06-04 13:00:00,0,3,3,Overflow Risk,3,Remove bikes from station,4.1588830833596715,Medium
King St W / Crawford St,2022-07-30 15:00:00,3,0,-3,Shortage Risk,3,Deliver bikes to station,4.1588830833596715,Medium
King St W / York St (2),2024-06-12 08:00:00,0,3,3,Overflow Risk,3,Remove bikes from station,4.1588830833596715,Medium
Lake Shore Blvd W / Ontario Dr,2022-07-17 18:00:00,0,3,3,Overflow Risk,3,Remove bikes from station,4.1588830833596715,Medium
Lake Shore Blvd W / Ontario Dr,2022-08-05 18:00:00,3,0,-3,Shortage Risk,3,Deliver bikes to station,4.1588830833596715,Medium
Lake Shore Blvd W / Ontario Dr,2022-08-13 18:00:00,0,3,3,Overflow Risk,3,Remove bikes from station,4.1588830833596715,Medium
Lake Shore Blvd W / Ontario Dr,2022-08-14 17:00:00,0,3,3,Overflow Risk,3,Remove bikes from station,4.1588830833596715,Medium
Lake Shore Blvd W / Ontario Dr,2022-09-05 15:00:00,3,0,-3,Shortage Risk,3,Deliver bikes to station,4.1588830833596715,Medium
Lake Shore Blvd W / Ontario Dr,2022-09-09 19:00:00,0,3,3,Overflow Risk,3,Remove bikes from station,4.1588830833596715,Medium
Lake Shore Blvd W / Ontario Dr,2022-09-11 20:00:00,0,3,3,Overflow Risk,3,Remove bikes from station,4.1588830833596715,Medium
Lake Shore Blvd W / Ontario Dr,2022-10-02 08:00:00,0,3,3,Overflow Risk,3,Remove bikes from station,4.1588830833596715,Medium
Lake Shore Blvd W / Ontario Dr,2022-10-22 17:00:00,3,0,-3,Shortage Risk,3,Deliver bikes to station,4.1588830833596715,Medium
Lake Shore Blvd W / Ontario Dr,2022-05-15 19:00:00,0,3,3,Overflow Risk,3,Remove bikes from station,4.1588830833596715,Medium
Lake Shore Blvd W / Colborne Lodge Dr,2024-05-26 16:00:00,3,0,-3,Shortage Risk,3,Deliver bikes to station,4.1588830833596715,Medium
Lake Shore Blvd W / Ellis Ave,2022-04-24 14:00:00,3,0,-3,Shortage Risk,3,Deliver bikes to station,4.1588830833596715,Medium
Lake Shore Blvd W / Ellis Ave,2022-05-08 18:00:00,0,3,3,Overflow Risk,3,Remove bikes from station,4.1588830833596715,Medium
Lake Shore Blvd W / Ellis Ave,2022-05-28 17:00:00,3,0,-3,Shortage Risk,3,Deliver bikes to station,4.1588830833596715,Medium
Lake Shore Blvd W / Ellis Ave,2024-05-18 16:00:00,0,3,3,Overflow Risk,3,Remove bikes from station,4.1588830833596715,Medium
Lake Shore Blvd W / Ellis Ave,2025-05-06 16:00:00,3,0,-3,Shortage Risk,3,Deliver bikes to station,4.1588830833596715,Medium
Lake Shore Blvd W / Legion Rd,2025-04-13 14:00:00,3,0,-3,Shortage Risk,3,Deliver bikes to station,4.1588830833596715,Medium
Lake Shore Blvd W / Legion Rd,2025-04-13 15:00:00,0,3,3,Overflow Risk,3,Remove bikes from station,4.1588830833596715,Medium
Lake Shore Blvd W / Ontario Dr,2022-05-10 19:00:00,3,0,-3,Shortage Risk,3,Deliver bikes to station,4.1588830833596715,Medium
Lake Shore Blvd W / Colborne Lodge Dr,2022-08-20 14:00:00,0,3,3,Overflow Risk,3,Remove bikes from station,4.1588830833596715,Medium
Bay St / Queens Quay W (Ferry Terminal),2024-06-04 06:00:00,0,3,3,Overflow Risk,3,Remove bikes from station,4.1588830833596715,Low
King St W / Brant St,2022-09-15 19:00:00,0,3,3,Overflow Risk,3,Remove bikes from station,4.1588830833596715,Medium
King St W / Brant St,2022-09-22 11:00:00,3,0,-3,Shortage Risk,3,Deliver bikes to station,4.1588830833596715,Medium
King St W / Brant St,2022-10-11 18:00:00,3,0,-3,Shortage Risk,3,Deliver bikes to station,4.1588830833596715,Medium
King St W / Brant St,2024-05-29 19:00:00,3,0,-3,Shortage Risk,3,Deliver bikes to station,4.1588830833596715,Medium
King St W / Bay St (West Side),2024-06-04 17:00:00,3,0,-3,Shortage Risk,3,Deliver bikes to station,4.1588830833596715,Medium
King St W / Bay St (West Side),2024-06-05 09:00:00,0,3,3,Overflow Risk,3,Remove bikes from station,4.1588830833596715,Medium
King St W / Bay St (West Side),2024-06-10 17:00:00,3,0,-3,Shortage Risk,3,Deliver bikes to station,4.1588830833596715,Medium
Bleecker St / St James Ave,2024-02-20 17:00:00,3,0,-3,Shortage Risk,3,Deliver bikes to station,4.1588830833596715,Low
King St W / Crawford St,2024-06-12 18:00:00,0,3,3,Overflow Risk,3,Remove bikes from station,4.1588830833596715,Medium
Bloor St E / Huntley St - SMART,2024-04-30 19:00:00,3,0,-3,Shortage Risk,3,Deliver bikes to station,4.1588830833596715,Low
Bloor St E / Huntley St - SMART,2024-05-10 18:00:00,0,3,3,Overflow Risk,3,Remove bikes from station,4.1588830833596715,Low
Bay St / St. Joseph St,2024-05-02 18:00:00,3,0,-3,Shortage Risk,3,Deliver bikes to station,4.1588830833596715,Low
Bay St / St. Joseph St,2024-05-29 19:00:00,0,3,3,Overflow Risk,3,Remove bikes from station,4.1588830833596715,Low
Bay St / Wellesley St W,2022-10-12 12:00:00,3,0,-3,Shortage Risk,3,Deliver bikes to station,4.1588830833596715,Low
Bay St / Wellesley St W,2024-03-07 09:00:00,0,3,3,Overflow Risk,3,Remove bikes from station,4.1588830833596715,Low
Bay St / Wellesley St W,2024-03-13 18:00:00,0,3,3,Overflow Risk,3,Remove bikes from station,4.1588830833596715,Low
Bay St / Wellesley St W,2024-04-06 14:00:00,3,0,-3,Shortage Risk,3,Deliver bikes to station,4.1588830833596715,Low
Bay St / Wellesley St W,2024-05-07 09:00:00,3,0,-3,Shortage Risk,3,Deliver bikes to station,4.1588830833596715,Low
Bloor St E / Huntley St - SMART,2024-03-12 14:00:00,0,3,3,Overflow Risk,3,Remove bikes from station,4.1588830833596715,Low
King St W / Jameson Ave - SMART,2024-06-03 17:00:00,0,3,3,Overflow Risk,3,Remove bikes from station,4.1588830833596715,Medium
King St W / Joe Shuster Way,2024-06-06 17:00:00,0,3,3,Overflow Risk,3,Remove bikes from station,4.1588830833596715,Medium
King St W / Jordan St,2022-09-21 17:00:00,3,0,-3,Shortage Risk,3,Deliver bikes to station,4.1588830833596715,Medium
King St W / Portland St - SMART,2024-05-22 18:00:00,0,3,3,Overflow Risk,3,Remove bikes from station,4.1588830833596715,Medium
King St W / Portland St - SMART,2024-05-22 23:00:00,3,0,-3,Shortage Risk,3,Deliver bikes to station,4.1588830833596715,Medium
King St W / Portland St - SMART,2024-05-27 08:00:00,3,0,-3,Shortage Risk,3,Deliver bikes to station,4.1588830833596715,Medium
King St W / Portland St - SMART,2024-05-29 15:00:00,0,3,3,Overflow Risk,3,Remove bikes from station,4.1588830833596715,Medium
King St W / Portland St - SMART,2024-06-02 23:00:00,3,0,-3,Shortage Risk,3,Deliver bikes to station,4.1588830833596715,Medium
King St W / Portland St - SMART,2024-06-06 18:00:00,0,3,3,Overflow Risk,3,Remove bikes from station,4.1588830833596715,Medium
Bay St / Queens Quay W (Ferry Terminal),2024-05-23 16:00:00,3,0,-3,Shortage Risk,3,Deliver bikes to station,4.1588830833596715,Low
King St W / Bay St (West Side),2025-11-17 09:00:00,0,3,3,Overflow Risk,3,Remove bikes from station,4.1588830833596715,Medium
King St W / Bay St (West Side),2025-12-01 09:00:00,0,3,3,Overflow Risk,3,Remove bikes from station,4.1588830833596715,Medium
King St W / Bay St (West Side),2025-12-08 08:00:00,0,3,3,Overflow Risk,3,Remove bikes from station,4.1588830833596715,Medium
Bayview Ave / Lawren Harris Square,2022-05-29 14:00:00,3,0,-3,Shortage Risk,3,Deliver bikes to station,4.1588830833596715,Low
Bay St / Queens Quay W (Ferry Terminal),2022-10-01 19:00:00,3,0,-3,Shortage Risk,3,Deliver bikes to station,4.1588830833596715,Low
Bay St / Queens Quay W (Ferry Terminal),2024-04-14 17:00:00,3,0,-3,Shortage Risk,3,Deliver bikes to station,4.1588830833596715,Low
Bay St / Queens Quay W (Ferry Terminal),2024-04-24 17:00:00,3,0,-3,Shortage Risk,3,Deliver bikes to station,4.1588830833596715,Low
Bay St / Queens Quay W (Ferry Terminal),2024-05-01 17:00:00,3,0,-3,Shortage Risk,3,Deliver bikes to station,4.1588830833596715,Low
Bay St / Queens Quay W (Ferry Terminal),2024-05-12 15:00:00,0,3,3,Overflow Risk,3,Remove bikes from station,4.1588830833596715,Low
Bay St / Queens Quay W (Ferry Terminal),2024-05-16 19:00:00,3,0,-3,Shortage Risk,3,Deliver bikes to station,4.1588830833596715,Low
King St W / Bay St (West Side),2025-06-12 18:00:00,0,3,3,Overflow Risk,3,Remove bikes from station,4.1588830833596715,Medium
Marilyn Bell Park Tennis Court,2024-05-23 21:00:00,3,0,-3,Shortage Risk,3,Deliver bikes to station,4.1588830833596715,Medium
Marilyn Bell Park Tennis Court,2024-05-31 20:00:00,0,3,3,Overflow Risk,3,Remove bikes from station,4.1588830833596715,Medium
Lower Jarvis St / Queens Quay E,2024-06-01 15:00:00,0,3,3,Overflow Risk,3,Remove bikes from station,4.1588830833596715,Medium
Lower Jarvis St / The Esplanade,2024-05-11 16:00:00,3,0,-3,Shortage Risk,3,Deliver bikes to station,4.1588830833596715,Medium
Lower Jarvis St / The Esplanade,2024-05-26 15:00:00,3,0,-3,Shortage Risk,3,Deliver bikes to station,4.1588830833596715,Medium
Lower Simcoe St / Bremner Blvd,2024-03-08 17:00:00,3,0,-3,Shortage Risk,3,Deliver bikes to station,4.1588830833596715,Medium
Lower Simcoe St / Bremner Blvd,2024-04-04 09:00:00,0,3,3,Overflow Risk,3,Remove bikes from station,4.1588830833596715,Medium
Lower Simcoe St / Bremner Blvd,2024-05-21 08:00:00,0,3,3,Overflow Risk,3,Remove bikes from station,4.1588830833596715,Medium
Lower Simcoe St / Bremner Blvd,2024-06-11 17:00:00,3,0,-3,Shortage Risk,3,Deliver bikes to station,4.1588830833596715,Medium
Lake Shore Blvd W / Ontario Dr,2022-07-16 15:00:00,0,3,3,Overflow Risk,3,Remove bikes from station,4.1588830833596715,Medium
Lower Spadina Ave / Lake Shore Blvd W,2024-05-23 18:00:00,0,3,3,Overflow Risk,3,Remove bikes from station,4.1588830833596715,Medium
Bay St / Queens Quay W (Ferry Terminal),2024-06-13 18:00:00,0,3,3,Overflow Risk,3,Remove bikes from station,4.1588830833596715,Low
Bay St / Queens Quay W (Ferry Terminal),2025-06-14 19:00:00,0,3,3,Overflow Risk,3,Remove bikes from station,4.1588830833596715,Low
Bay St / Dundas St W,2024-05-02 08:00:00,3,0,-3,Shortage Risk,3,Deliver bikes to station,4.1588830833596715,Low
Bay St / Dundas St W,2024-06-12 17:00:00,3,0,-3,Shortage Risk,3,Deliver bikes to station,4.1588830833596715,Low
Bay St / Harbour St,2024-05-14 16:00:00,0,3,3,Overflow Risk,3,Remove bikes from station,4.1588830833596715,Low
Bay St / Harbour St,2024-06-01 15:00:00,0,3,3,Overflow Risk,3,Remove bikes from station,4.1588830833596715,Low
Bay St / Harbour St,2024-06-11 17:00:00,3,0,-3,Shortage Risk,3,Deliver bikes to station,4.1588830833596715,Low
Bay St / Queens Quay W (Ferry Terminal),2022-04-16 12:00:00,3,0,-3,Shortage Risk,3,Deliver bikes to station,4.1588830833596715,Low
Lower Spadina Ave / Lake Shore Blvd,2022-09-03 15:00:00,0,3,3,Overflow Risk,3,Remove bikes from station,4.1588830833596715,Medium
Martin Goodman Trail / Ontario Dr,2022-09-05 11:00:00,0,3,3,Overflow Risk,3,Remove bikes from station,4.1588830833596715,Medium
Maud St / Adelaide St W - SMART,2024-04-09 07:00:00,0,3,3,Overflow Risk,3,Remove bikes from station,4.1588830833596715,Medium
Maud St / Adelaide St W - SMART,2024-05-13 19:00:00,3,0,-3,Shortage Risk,3,Deliver bikes to station,4.1588830833596715,Medium
McGill St / Church St,2024-05-10 09:00:00,0,3,3,Overflow Risk,3,Remove bikes from station,4.1588830833596715,Medium
McGill St / Church St,2024-05-19 17:00:00,3,0,-3,Shortage Risk,3,Deliver bikes to station,4.1588830833596715,Medium
Mill St / Cherry St,2024-06-06 18:00:00,0,3,3,Overflow Risk,3,Remove bikes from station,4.1588830833596715,Medium
Mill St / Cherry St,2024-06-10 17:00:00,0,3,3,Overflow Risk,3,Remove bikes from station,4.1588830833596715,Medium
Mill St / Parliament St,2022-06-08 18:00:00,3,0,-3,Shortage Risk,3,Deliver bikes to station,4.1588830833596715,Medium
Mill St / Parliament St,2024-03-17 12:00:00,0,3,3,Overflow Risk,3,Remove bikes from station,4.1588830833596715,Medium
Marilyn Bell Park Tennis Court,2024-05-05 19:00:00,0,3,3,Overflow Risk,3,Remove bikes from station,4.1588830833596715,Medium
Lynn Williams St / Pirandello St,2024-05-12 12:00:00,3,0,-3,Shortage Risk,3,Deliver bikes to station,4.1588830833596715,Medium
Lynn Williams St / Pirandello St,2024-05-16 07:00:00,3,0,-3,Shortage Risk,3,Deliver bikes to station,4.1588830833596715,Medium
Marie Curtis Park,2024-05-20 17:00:00,0,3,3,Overflow Risk,3,Remove bikes from station,4.1588830833596715,Medium
Marilyn Bell Park Tennis Court,2022-05-23 16:00:00,3,0,-3,Shortage Risk,3,Deliver bikes to station,4.1588830833596715,Medium
Marilyn Bell Park Tennis Court,2022-05-28 17:00:00,0,3,3,Overflow Risk,3,Remove bikes from station,4.1588830833596715,Medium
Marilyn Bell Park Tennis Court,2022-08-06 17:00:00,3,0,-3,Shortage Risk,3,Deliver bikes to station,4.1588830833596715,Medium
Marilyn Bell Park Tennis Court,2022-09-01 20:00:00,3,0,-3,Shortage Risk,3,Deliver bikes to station,4.1588830833596715,Medium
Marilyn Bell Park Tennis Court,2022-09-05 13:00:00,0,3,3,Overflow Risk,3,Remove bikes from station,4.1588830833596715,Medium
Marilyn Bell Park Tennis Court,2024-05-04 14:00:00,3,0,-3,Shortage Risk,3,Deliver bikes to station,4.1588830833596715,Medium
Mill St / Parliament St,2024-05-20 11:00:00,0,3,3,Overflow Risk,3,Remove bikes from station,4.1588830833596715,Medium
Lower Jarvis St / Queens Quay E,2024-05-15 08:00:00,0,3,3,Overflow Risk,3,Remove bikes from station,4.1588830833596715,Medium
Lower Jarvis St / Queens Quay E,2024-05-20 16:00:00,3,0,-3,Shortage Risk,3,Deliver bikes to station,4.1588830833596715,Medium
Lower Jarvis St / Queens Quay E,2024-05-21 08:00:00,3,0,-3,Shortage Risk,3,Deliver bikes to station,4.1588830833596715,Medium
Lake Shore Blvd W / Ontario Dr,2022-10-23 18:00:00,3,0,-3,Shortage Risk,3,Deliver bikes to station,4.1588830833596715,Medium
Lake Shore Blvd W / Ontario Dr,2024-05-27 18:00:00,0,3,3,Overflow Risk,3,Remove bikes from station,4.1588830833596715,Medium
Lake Shore Blvd W / The Boulevard Club,2022-08-02 19:00:00,3,0,-3,Shortage Risk,3,Deliver bikes to station,4.1588830833596715,Medium
Lake Shore Blvd W / The Boulevard Club,2024-05-20 14:00:00,0,3,3,Overflow Risk,3,Remove bikes from station,4.1588830833596715,Medium
Lake Shore Blvd W / Windermere Ave,2022-05-29 18:00:00,3,0,-3,Shortage Risk,3,Deliver bikes to station,4.1588830833596715,Medium
Lansdowne Subway Station,2024-04-25 09:00:00,3,0,-3,Shortage Risk,3,Deliver bikes to station,4.1588830833596715,Medium
Bay St / Queens Quay W (Ferry Terminal),2022-05-15 18:00:00,0,3,3,Overflow Risk,3,Remove bikes from station,4.1588830833596715,Low
Leslie St / Commissioners St,2024-05-26 12:00:00,0,3,3,Overflow Risk,3,Remove bikes from station,4.1588830833596715,Medium
Liberty St / Fraser Ave Green P,2024-06-12 18:00:00,3,0,-3,Shortage Risk,3,Deliver bikes to station,4.1588830833596715,Medium
Lisgar Park,2022-09-30 17:00:00,3,0,-3,Shortage Risk,3,Deliver bikes to station,4.1588830833596715,Medium
Lisgar Park,2024-04-13 19:00:00,0,3,3,Overflow Risk,3,Remove bikes from station,4.1588830833596715,Medium
Lisgar Park,2024-05-22 17:00:00,3,0,-3,Shortage Risk,3,Deliver bikes to station,4.1588830833596715,Medium
Lisgar St / Dundas St W - SMART,2024-06-06 13:00:00,3,0,-3,Shortage Risk,3,Deliver bikes to station,4.1588830833596715,Medium
Little Norway Park,2022-04-24 17:00:00,0,3,3,Overflow Risk,3,Remove bikes from station,4.1588830833596715,Medium
Lake Shore Blvd W / Ontario Dr,2022-07-10 20:00:00,0,3,3,Overflow Risk,3,Remove bikes from station,4.1588830833596715,Medium
Lake Shore Blvd W / Ontario Dr,2022-07-14 15:00:00,3,0,-3,Shortage Risk,3,Deliver bikes to station,4.1588830833596715,Medium
Leslie St / Commissioners St,2024-05-18 14:00:00,3,0,-3,Shortage Risk,3,Deliver bikes to station,4.1588830833596715,Medium
Bay St / Queens Quay W (Ferry Terminal),2022-05-20 15:00:00,3,0,-3,Shortage Risk,3,Deliver bikes to station,4.1588830833596715,Low
Bay St / Queens Quay W (Ferry Terminal),2022-06-04 14:00:00,0,3,3,Overflow Risk,3,Remove bikes from station,4.1588830833596715,Low
Bay St / Queens Quay W (Ferry Terminal),2022-07-15 22:00:00,3,0,-3,Shortage Risk,3,Deliver bikes to station,4.1588830833596715,Low
Bay St / Queens Quay W (Ferry Terminal),2022-07-20 16:00:00,3,0,-3,Shortage Risk,3,Deliver bikes to station,4.1588830833596715,Low
Lynn Williams St / East Liberty St,2024-04-30 19:00:00,0,3,3,Overflow Risk,3,Remove bikes from station,4.1588830833596715,Medium
Lynn Williams St / East Liberty St - SMART,2022-06-14 18:00:00,3,0,-3,Shortage Risk,3,Deliver bikes to station,4.1588830833596715,Medium
Lynn Williams St / East Liberty St - SMART,2022-06-29 09:00:00,0,3,3,Overflow Risk,3,Remove bikes from station,4.1588830833596715,Medium
Lynn Williams St / Pirandello St,2024-04-30 18:00:00,3,0,-3,Shortage Risk,3,Deliver bikes to station,4.1588830833596715,Medium
Little Norway Park,2022-07-01 15:00:00,0,3,3,Overflow Risk,3,Remove bikes from station,4.1588830833596715,Medium
Lower Jarvis St / Queens Quay E,2024-04-23 17:00:00,0,3,3,Overflow Risk,3,Remove bikes from station,4.1588830833596715,Medium
Little Norway Park,2024-04-10 17:00:00,3,0,-3,Shortage Risk,3,Deliver bikes to station,4.1588830833596715,Medium
Little Norway Park,2024-05-26 13:00:00,3,0,-3,Shortage Risk,3,Deliver bikes to station,4.1588830833596715,Medium
Logan Ave / Gerrard St E,2024-05-16 07:00:00,3,0,-3,Shortage Risk,3,Deliver bikes to station,4.1588830833596715,Medium
Lower Jarvis / Queens Quay E,2022-05-28 12:00:00,0,3,3,Overflow Risk,3,Remove bikes from station,4.1588830833596715,Medium
Lower Jarvis / Queens Quay E,2022-06-10 09:00:00,0,3,3,Overflow Risk,3,Remove bikes from station,4.1588830833596715,Medium
Lower Jarvis / Queens Quay E,2022-06-15 17:00:00,3,0,-3,Shortage Risk,3,Deliver bikes to station,4.1588830833596715,Medium
Lower Jarvis / Queens Quay E,2022-08-19 19:00:00,0,3,3,Overflow Risk,3,Remove bikes from station,4.1588830833596715,Medium
Lower Jarvis / Queens Quay E,2022-09-03 17:00:00,0,3,3,Overflow Risk,3,Remove bikes from station,4.1588830833596715,Medium
Lower Jarvis / Queens Quay E,2022-09-18 17:00:00,0,3,3,Overflow Risk,3,Remove bikes from station,4.1588830833596715,Medium
Lower Jarvis St / Queens Quay E,2024-04-22 18:00:00,3,0,-3,Shortage Risk,3,Deliver bikes to station,4.1588830833596715,Medium
Little Norway Park,2022-08-17 19:00:00,0,3,3,Overflow Risk,3,Remove bikes from station,4.1588830833596715,Medium
King St W / Bay St (West Side),2022-12-08 09:00:00,0,3,3,Overflow Risk,3,Remove bikes from station,4.1588830833596715,Low
King St W / Bay St (West Side),2022-12-20 09:00:00,0,3,3,Overflow Risk,3,Remove bikes from station,4.1588830833596715,Low
King St W / Bay St (West Side),2024-01-03 09:00:00,0,3,3,Overflow Risk,3,Remove bikes from station,4.1588830833596715,Low
King St W / Bay St (West Side),2024-01-09 09:00:00,0,3,3,Overflow Risk,3,Remove bikes from station,4.1588830833596715,Low
King St W / Bay St (West Side),2024-01-10 08:00:00,0,3,3,Overflow Risk,3,Remove bikes from station,4.1588830833596715,Low
King St W / Bay St (West Side),2024-01-19 09:00:00,0,3,3,Overflow Risk,3,Remove bikes from station,4.1588830833596715,Low
King St W / Bay St (West Side),2024-01-22 08:00:00,0,3,3,Overflow Risk,3,Remove bikes from station,4.1588830833596715,Low
King St W / Bay St (West Side),2024-01-29 08:00:00,0,3,3,Overflow Risk,3,Remove bikes from station,4.1588830833596715,Low
King St W / Bay St (West Side),2022-06-21 09:00:00,0,3,3,Overflow Risk,3,Remove bikes from station,4.1588830833596715,Low
Bay St / Wellesley St W,2024-05-09 08:00:00,3,0,-3,Shortage Risk,3,Deliver bikes to station,4.1588830833596715,Low
King St W / Bay St (West Side),2022-09-20 07:00:00,0,3,3,Overflow Risk,3,Remove bikes from station,4.1588830833596715,Low
King St W / Bay St (West Side),2022-09-20 09:00:00,0,3,3,Overflow Risk,3,Remove bikes from station,4.1588830833596715,Low
King St W / Bay St (West Side),2022-09-26 09:00:00,0,3,3,Overflow Risk,3,Remove bikes from station,4.1588830833596715,Low
King St W / Bay St (West Side),2022-09-29 17:00:00,3,0,-3,Shortage Risk,3,Deliver bikes to station,4.1588830833596715,Low
King St W / Bay St (West Side),2022-10-05 08:00:00,0,3,3,Overflow Risk,3,Remove bikes from station,4.1588830833596715,Low
King St W / Bay St (West Side),2022-10-12 08:00:00,0,3,3,Overflow Risk,3,Remove bikes from station,4.1588830833596715,Low
King St W / Bay St (West Side),2022-10-17 08:00:00,0,3,3,Overflow Risk,3,Remove bikes from station,4.1588830833596715,Low
Centre Island Ferry Dock,2025-06-15 14:00:00,0,3,3,Overflow Risk,3,Remove bikes from station,4.1588830833596715,Low
Centre Island,2025-08-17 17:00:00,3,0,-3,Shortage Risk,3,Deliver bikes to station,4.1588830833596715,Low
King St W / Bay St (West Side),2022-08-11 08:00:00,0,3,3,Overflow Risk,3,Remove bikes from station,4.1588830833596715,Low
Bond St / Queen St E,2024-04-19 08:00:00,0,3,3,Overflow Risk,3,Remove bikes from station,4.1588830833596715,Low
Bond St / Queen St E,2024-05-02 08:00:00,0,3,3,Overflow Risk,3,Remove bikes from station,4.1588830833596715,Low
King St W / Bay St (West Side),2024-03-18 17:00:00,3,0,-3,Shortage Risk,3,Deliver bikes to station,4.1588830833596715,Medium
King St W / Bay St (West Side),2024-03-21 09:00:00,0,3,3,Overflow Risk,3,Remove bikes from station,4.1588830833596715,Medium
King St W / Bay St (West Side),2024-02-08 08:00:00,0,3,3,Overflow Risk,3,Remove bikes from station,4.1588830833596715,Low
King St W / Bay St (West Side),2024-02-15 09:00:00,0,3,3,Overflow Risk,3,Remove bikes from station,4.1588830833596715,Medium
King St W / Bay St (West Side),2024-02-21 08:00:00,0,3,3,Overflow Risk,3,Remove bikes from station,4.1588830833596715,Medium
King St W / Bay St (West Side),2024-02-22 09:00:00,0,3,3,Overflow Risk,3,Remove bikes from station,4.1588830833596715,Medium
Centre Island Ferry Dock,2025-05-30 14:00:00,3,0,-3,Shortage Risk,3,Deliver bikes to station,4.1588830833596715,Low
King St W / Bay St (West Side),2022-12-05 09:00:00,0,3,3,Overflow Risk,3,Remove bikes from station,4.1588830833596715,Low
Bond St / Queen St E,2024-06-12 07:00:00,0,3,3,Overflow Risk,3,Remove bikes from station,4.1588830833596715,Low
Bremner Blvd / Rees St,2024-04-08 22:00:00,3,0,-3,Shortage Risk,3,Deliver bikes to station,4.1588830833596715,Low
Bremner Blvd / Rees St,2024-04-09 22:00:00,3,0,-3,Shortage Risk,3,Deliver bikes to station,4.1588830833596715,Low
Bremner Blvd / Rees St,2024-05-03 19:00:00,3,0,-3,Shortage Risk,3,Deliver bikes to station,4.1588830833596715,Low
Carlton St / Parliament St,2024-04-08 17:00:00,0,3,3,Overflow Risk,3,Remove bikes from station,4.1588830833596715,Low
Central Tech  (Harbord St),2024-05-14 16:00:00,0,3,3,Overflow Risk,3,Remove bikes from station,4.1588830833596715,Low
Centre Island,2025-07-21 14:00:00,3,0,-3,Shortage Risk,3,Deliver bikes to station,4.1588830833596715,Low
Centre Island,2025-07-26 18:00:00,0,3,3,Overflow Risk,3,Remove bikes from station,4.1588830833596715,Low
King St W / Bay St (West Side),2024-02-28 10:00:00,0,3,3,Overflow Risk,3,Remove bikes from station,4.1588830833596715,Medium
Centre Island Ferry Dock,2025-05-31 16:00:00,3,0,-3,Shortage Risk,3,Deliver bikes to station,4.1588830833596715,Low
King St W / Bay St (West Side),2022-05-30 08:00:00,0,3,3,Overflow Risk,3,Remove bikes from station,4.1588830833596715,Low
King St W / Bay St (West Side),2022-06-14 08:00:00,0,3,3,Overflow Risk,3,Remove bikes from station,4.1588830833596715,Low
King St W / Bay St (West Side),2022-06-16 09:00:00,0,3,3,Overflow Risk,3,Remove bikes from station,4.1588830833596715,Low
John St  / Mercer St - SMART,2024-06-02 18:00:00,0,3,3,Overflow Risk,3,Remove bikes from station,4.1588830833596715,Low
John St  / Mercer St - SMART,2025-06-11 22:00:00,3,0,-3,Shortage Risk,3,Deliver bikes to station,4.1588830833596715,Low
John St  / Mercer St - SMART,2025-06-11 23:00:00,0,3,3,Overflow Risk,3,Remove bikes from station,4.1588830833596715,Low
King St E / Berkeley St,2024-02-21 08:00:00,0,3,3,Overflow Risk,3,Remove bikes from station,4.1588830833596715,Low
King St E / Berkeley St,2024-04-10 17:00:00,0,3,3,Overflow Risk,3,Remove bikes from station,4.1588830833596715,Low
King St E / Berkeley St,2024-05-29 21:00:00,0,3,3,Overflow Risk,3,Remove bikes from station,4.1588830833596715,Low
Centre Island,2025-08-17 18:00:00,0,3,3,Overflow Risk,3,Remove bikes from station,4.1588830833596715,Low
King St E / Church St,2024-06-06 17:00:00,3,0,-3,Shortage Risk,3,Deliver bikes to station,4.1588830833596715,Low
King St E / Church St,2024-06-07 17:00:00,3,0,-3,Shortage Risk,3,Deliver bikes to station,4.1588830833596715,Low
King St E / Jarvis St,2024-05-08 09:00:00,0,3,3,Overflow Risk,3,Remove bikes from station,4.1588830833596715,Low
King St E / River St,2022-05-15 13:00:00,0,3,3,Overflow Risk,3,Remove bikes from station,4.1588830833596715,Low
King St E / River St,2022-05-17 16:00:00,0,3,3,Overflow Risk,3,Remove bikes from station,4.1588830833596715,Low
King St E / River St,2024-05-10 17:00:00,0,3,3,Overflow Risk,3,Remove bikes from station,4.1588830833596715,Low
King St E / River St,2024-05-26 15:00:00,0,3,3,Overflow Risk,3,Remove bikes from station,4.1588830833596715,Low
Jarvis St / Dundas St E,2024-04-08 13:00:00,3,0,-3,Shortage Risk,3,Deliver bikes to station,4.1588830833596715,Low
Jarvis St / Dundas St E,2024-05-16 13:00:00,0,3,3,Overflow Risk,3,Remove bikes from station,4.1588830833596715,Low
King St E / Church St,2024-05-07 18:00:00,3,0,-3,Shortage Risk,3,Deliver bikes to station,4.1588830833596715,Low
King St W / Bay St (West Side),2022-10-20 08:00:00,0,3,3,Overflow Risk,3,Remove bikes from station,4.1588830833596715,Low
King St W / Bay St (West Side),2022-10-20 09:00:00,0,3,3,Overflow Risk,3,Remove bikes from station,4.1588830833596715,Low
King St W / Bay St (West Side),2022-10-27 08:00:00,0,3,3,Overflow Risk,3,Remove bikes from station,4.1588830833596715,Low
King St E / River St,2024-06-04 20:00:00,0,3,3,Overflow Risk,3,Remove bikes from station,4.1588830833596715,Low
King St E / River St,2024-06-05 20:00:00,0,3,3,Overflow Risk,3,Remove bikes from station,4.1588830833596715,Low
King St E / Victoria St,2024-06-04 07:00:00,0,3,3,Overflow Risk,3,Remove bikes from station,4.1588830833596715,Low
King St E / Victoria St,2024-06-06 16:00:00,3,0,-3,Shortage Risk,3,Deliver bikes to station,4.1588830833596715,Low
King St E / Victoria St,2024-06-10 17:00:00,3,0,-3,Shortage Risk,3,Deliver bikes to station,4.1588830833596715,Low
King St W / Bay St (East Side),2022-07-26 08:00:00,0,3,3,Overflow Risk,3,Remove bikes from station,4.1588830833596715,Low
King St W / Bay St (West Side),2022-04-28 17:00:00,3,0,-3,Shortage Risk,3,Deliver bikes to station,4.1588830833596715,Low
King St W / Bay St (East Side),2024-02-22 07:00:00,0,3,3,Overflow Risk,3,Remove bikes from station,4.1588830833596715,Low
King St W / Bay St (East Side),2024-04-17 17:00:00,3,0,-3,Shortage Risk,3,Deliver bikes to station,4.1588830833596715,Low
King St W / Bay St (East Side),2024-05-02 16:00:00,3,0,-3,Shortage Risk,3,Deliver bikes to station,4.1588830833596715,Low
Centre Island Ferry Dock,2025-07-01 09:00:00,3,0,-3,Shortage Risk,3,Deliver bikes to station,4.1588830833596715,Low
Centre Island Ferry Dock,2025-06-04 19:00:00,0,3,3,Overflow Risk,3,Remove bikes from station,4.1588830833596715,Low
Centre Island Ferry Dock,2025-06-07 20:00:00,0,3,3,Overflow Risk,3,Remove bikes from station,4.1588830833596715,Low
Centre Island Ferry Dock,2025-06-08 18:00:00,3,0,-3,Shortage Risk,3,Deliver bikes to station,4.1588830833596715,Low
Centre Island Ferry Dock,2025-06-10 16:00:00,0,3,3,Overflow Risk,3,Remove bikes from station,4.1588830833596715,Low
Centre Island Ferry Dock,2025-06-11 22:00:00,0,3,3,Overflow Risk,3,Remove bikes from station,4.1588830833596715,Low
Centre Island Ferry Dock,2025-06-14 20:00:00,0,3,3,Overflow Risk,3,Remove bikes from station,4.1588830833596715,Low
King St W / Bay St (East Side),2024-02-08 08:00:00,0,3,3,Overflow Risk,3,Remove bikes from station,4.1588830833596715,Low
Bayview Ave / Lawren Harris Square,2024-02-28 08:00:00,3,0,-3,Shortage Risk,3,Deliver bikes to station,4.1588830833596715,Low
Beaty Ave / Queen St W,2024-01-30 22:00:00,3,0,-3,Shortage Risk,3,Deliver bikes to station,4.1588830833596715,Low
Beaty Ave / Queen St W,2024-05-08 16:00:00,0,3,3,Overflow Risk,3,Remove bikes from station,4.1588830833596715,Low
Berkeley St / Adelaide St E - SMART,2022-08-23 19:00:00,0,3,3,Overflow Risk,3,Remove bikes from station,4.1588830833596715,Low
Berkeley St / Adelaide St E - SMART,2024-03-11 08:00:00,3,0,-3,Shortage Risk,3,Deliver bikes to station,4.1588830833596715,Low
Beverley  St / Dundas St W,2022-08-24 16:00:00,0,3,3,Overflow Risk,3,Remove bikes from station,4.1588830833596715,Low
Beverley St / College St,2024-03-18 18:00:00,3,0,-3,Shortage Risk,3,Deliver bikes to station,4.1588830833596715,Low
Beverley St / Dundas St W,2024-03-21 08:00:00,0,3,3,Overflow Risk,3,Remove bikes from station,4.1588830833596715,Low
Beverley St / Dundas St W,2024-05-18 10:00:00,0,3,3,Overflow Risk,3,Remove bikes from station,4.1588830833596715,Low
Bond St / Queen St E,2024-04-19 07:00:00,0,3,3,Overflow Risk,3,Remove bikes from station,4.1588830833596715,Low
Beverley St / Dundas St W,2024-05-24 15:00:00,0,3,3,Overflow Risk,3,Remove bikes from station,4.1588830833596715,Low
King St W / Bay St (West Side),2024-05-06 09:00:00,0,3,3,Overflow Risk,3,Remove bikes from station,4.1588830833596715,Medium
King St W / Bay St (West Side),2024-05-07 08:00:00,0,3,3,Overflow Risk,3,Remove bikes from station,4.1588830833596715,Medium
King St W / Bay St (West Side),2024-05-07 18:00:00,3,0,-3,Shortage Risk,3,Deliver bikes to station,4.1588830833596715,Medium
King St W / Bay St (West Side),2024-05-08 17:00:00,3,0,-3,Shortage Risk,3,Deliver bikes to station,4.1588830833596715,Medium
King St W / Bay St (West Side),2024-05-14 09:00:00,0,3,3,Overflow Risk,3,Remove bikes from station,4.1588830833596715,Medium
King St W / Bay St (West Side),2024-05-14 10:00:00,0,3,3,Overflow Risk,3,Remove bikes from station,4.1588830833596715,Medium
King St W / Bay St (West Side),2024-04-23 10:00:00,0,3,3,Overflow Risk,3,Remove bikes from station,4.1588830833596715,Medium
King St W / Bay St (West Side),2024-04-24 08:00:00,0,3,3,Overflow Risk,3,Remove bikes from station,4.1588830833596715,Medium
Beverley St / Dundas St W,2024-05-23 18:00:00,3,0,-3,Shortage Risk,3,Deliver bikes to station,4.1588830833596715,Low
Bay St / Wellesley St W,2024-05-16 17:00:00,3,0,-3,Shortage Risk,3,Deliver bikes to station,4.1588830833596715,Low
Bay St / Wellesley St W,2024-05-18 17:00:00,3,0,-3,Shortage Risk,3,Deliver bikes to station,4.1588830833596715,Low
Bay St / Wellesley St W,2024-05-31 09:00:00,3,0,-3,Shortage Risk,3,Deliver bikes to station,4.1588830833596715,Low
King St W / Bay St (West Side),2024-05-27 17:00:00,3,0,-3,Shortage Risk,3,Deliver bikes to station,4.1588830833596715,Medium
King St W / Bay St (West Side),2024-05-28 16:00:00,3,0,-3,Shortage Risk,3,Deliver bikes to station,4.1588830833596715,Medium
King St W / Bay St (West Side),2024-05-30 18:00:00,3,0,-3,Shortage Risk,3,Deliver bikes to station,4.1588830833596715,Medium
King St W / Bay St (West Side),2024-05-31 08:00:00,0,3,3,Overflow Risk,3,Remove bikes from station,4.1588830833596715,Medium
King St W / Bay St (West Side),2024-05-31 09:00:00,0,3,3,Overflow Risk,3,Remove bikes from station,4.1588830833596715,Medium
King St W / Bay St (West Side),2024-05-31 11:00:00,0,3,3,Overflow Risk,3,Remove bikes from station,4.1588830833596715,Medium
Bayview Ave / Lawren Harris Square,2022-05-30 18:00:00,3,0,-3,Shortage Risk,3,Deliver bikes to station,4.1588830833596715,Low
King St W / Bay St (West Side),2024-06-03 09:00:00,0,3,3,Overflow Risk,3,Remove bikes from station,4.1588830833596715,Medium
King St W / Bay St (West Side),2024-05-15 10:00:00,0,3,3,Overflow Risk,3,Remove bikes from station,4.1588830833596715,Medium
King St W / Bay St (West Side),2024-05-15 17:00:00,3,0,-3,Shortage Risk,3,Deliver bikes to station,4.1588830833596715,Medium
King St W / Bay St (West Side),2024-05-16 10:00:00,0,3,3,Overflow Risk,3,Remove bikes from station,4.1588830833596715,Medium
King St W / Bay St (West Side),2024-05-22 10:00:00,0,3,3,Overflow Risk,3,Remove bikes from station,4.1588830833596715,Medium
Bloor St W / Shaw St - SMART,2025-07-18 17:00:00,3,0,-3,Shortage Risk,3,Deliver bikes to station,4.1588830833596715,Low
Bloor St W / Shaw St - SMART,2025-07-18 18:00:00,0,3,3,Overflow Risk,3,Remove bikes from station,4.1588830833596715,Low
Bond St / Queen St E,2024-01-16 07:00:00,0,3,3,Overflow Risk,3,Remove bikes from station,4.1588830833596715,Low
Bond St / Queen St E,2024-01-26 08:00:00,0,3,3,Overflow Risk,3,Remove bikes from station,4.1588830833596715,Low
King St W / Bay St (West Side),2024-06-03 07:00:00,0,3,3,Overflow Risk,3,Remove bikes from station,4.1588830833596715,Medium
King St W / Bay St (West Side),2024-03-27 08:00:00,0,3,3,Overflow Risk,3,Remove bikes from station,4.1588830833596715,Medium
King St W / Bay St (West Side),2024-04-09 17:00:00,3,0,-3,Shortage Risk,3,Deliver bikes to station,4.1588830833596715,Medium
King St W / Bay St (West Side),2024-04-10 08:00:00,0,3,3,Overflow Risk,3,Remove bikes from station,4.1588830833596715,Medium
King St W / Bay St (West Side),2024-04-15 07:00:00,0,3,3,Overflow Risk,3,Remove bikes from station,4.1588830833596715,Medium
King St W / Bay St (West Side),2024-04-15 08:00:00,0,3,3,Overflow Risk,3,Remove bikes from station,4.1588830833596715,Medium
King St W / Bay St (West Side),2024-03-07 08:00:00,0,3,3,Overflow Risk,3,Remove bikes from station,4.1588830833596715,Medium
King St W / Bay St (West Side),2024-03-08 10:00:00,0,3,3,Overflow Risk,3,Remove bikes from station,4.1588830833596715,Medium
King St W / Bay St (West Side),2024-03-12 08:00:00,0,3,3,Overflow Risk,3,Remove bikes from station,4.1588830833596715,Medium
King St W / Bay St (West Side),2024-03-13 18:00:00,3,0,-3,Shortage Risk,3,Deliver bikes to station,4.1588830833596715,Medium
King St W / Bay St (West Side),2024-04-25 09:00:00,0,3,3,Overflow Risk,3,Remove bikes from station,4.1588830833596715,Medium
Centre Island,2025-08-03 20:00:00,3,0,-3,Shortage Risk,3,Deliver bikes to station,4.1588830833596715,Low
Centre Island,2025-08-03 21:00:00,0,3,3,Overflow Risk,3,Remove bikes from station,4.1588830833596715,Low
Centre Island,2025-08-10 19:00:00,3,0,-3,Shortage Risk,3,Deliver bikes to station,4.1588830833596715,Low
Bond St / Queen St E,2024-02-08 07:00:00,0,3,3,Overflow Risk,3,Remove bikes from station,4.1588830833596715,Low
Bond St / Queen St E,2024-02-26 08:00:00,0,3,3,Overflow Risk,3,Remove bikes from station,4.1588830833596715,Low
Bond St / Queen St E,2024-02-27 07:00:00,0,3,3,Overflow Risk,3,Remove bikes from station,4.1588830833596715,Low
Bond St / Queen St E,2024-03-18 08:00:00,0,3,3,Overflow Risk,3,Remove bikes from station,4.1588830833596715,Low
Bond St / Queen St E,2024-03-26 07:00:00,0,3,3,Overflow Risk,3,Remove bikes from station,4.1588830833596715,Low
Bond St / Queen St E,2024-04-08 08:00:00,0,3,3,Overflow Risk,3,Remove bikes from station,4.1588830833596715,Low
King St W / Bay St (West Side),2024-03-14 09:00:00,0,3,3,Overflow Risk,3,Remove bikes from station,4.1588830833596715,Medium
King St W / Bay St (West Side),2024-04-25 17:00:00,3,0,-3,Shortage Risk,3,Deliver bikes to station,4.1588830833596715,Medium
King St W / Bay St (West Side),2024-04-29 08:00:00,0,3,3,Overflow Risk,3,Remove bikes from station,4.1588830833596715,Medium
King St W / Bay St (West Side),2024-04-30 08:00:00,0,3,3,Overflow Risk,3,Remove bikes from station,4.1588830833596715,Medium
Bond St / Queen St E,2024-05-08 08:00:00,0,3,3,Overflow Risk,3,Remove bikes from station,4.1588830833596715,Low
Bond St / Queen St E,2024-05-24 08:00:00,0,3,3,Overflow Risk,3,Remove bikes from station,4.1588830833596715,Low
Bond St / Queen St E,2024-06-03 07:00:00,0,3,3,Overflow Risk,3,Remove bikes from station,4.1588830833596715,Low
Bond St / Queen St E,2024-06-08 07:00:00,0,3,3,Overflow Risk,3,Remove bikes from station,4.1588830833596715,Low
Bloor St W / Christie St,2022-07-09 15:00:00,3,0,-3,Shortage Risk,3,Deliver bikes to station,4.1588830833596715,Low
Bloor St W / Christie St,2022-07-17 21:00:00,0,3,3,Overflow Risk,3,Remove bikes from station,4.1588830833596715,Low
King St W / Bay St (West Side),2024-03-26 07:00:00,0,3,3,Overflow Risk,3,Remove bikes from station,4.1588830833596715,Medium
Bloor St W / Gladstone Ave - SMART,2024-05-07 17:00:00,0,3,3,Overflow Risk,3,Remove bikes from station,4.1588830833596715,Low
Bloor St W / Gladstone Ave - SMART,2024-05-17 17:00:00,0,3,3,Overflow Risk,3,Remove bikes from station,4.1588830833596715,Low
Bloor St W / Manning Ave - SMART,2022-08-30 17:00:00,3,0,-3,Shortage Risk,3,Deliver bikes to station,4.1588830833596715,Low
Bloor St W / Manning Ave - SMART,2024-02-20 17:00:00,0,3,3,Overflow Risk,3,Remove bikes from station,4.1588830833596715,Low
Bloor St W / Manning Ave - SMART,2024-05-08 16:00:00,3,0,-3,Shortage Risk,3,Deliver bikes to station,4.1588830833596715,Low
Bloor St W / Manning Ave - SMART,2024-06-06 18:00:00,0,3,3,Overflow Risk,3,Remove bikes from station,4.1588830833596715,Low
Bloor St W / Shaw Ave - SMART,2022-05-05 18:00:00,0,3,3,Overflow Risk,3,Remove bikes from station,4.1588830833596715,Low
Bloor St W / Shaw St - SMART,2024-06-08 13:00:00,3,0,-3,Shortage Risk,3,Deliver bikes to station,4.1588830833596715,Low
King St W / Bay St (West Side),2024-05-01 08:00:00,0,3,3,Overflow Risk,3,Remove bikes from station,4.1588830833596715,Medium
King St W / Bay St (West Side),2024-05-01 17:00:00,3,0,-3,Shortage Risk,3,Deliver bikes to station,4.1588830833596715,Medium
Bloor St W / Christie St,2024-05-04 15:00:00,3,0,-3,Shortage Risk,3,Deliver bikes to station,4.1588830833596715,Low
